test,level,run,segment,marker,mode,comparison_role,geometry,n_samples,vt_rmse_3d_cm,visual_dispersion_3d_cm,kt_rmse_3d_cm,kalman_pos_std_3d_cm,rpy_std_deg,vk_rmse_3d_cm
QR_motioncap_brushless_Light_bot_NoWind_test1,bot,1,1,10,original_static,reference,Open-side locations,178,4.85410167659897,3.44131245691081,2.98093688464702,2.87581997401765,4.90165349207553,4.04238792576105
QR_motioncap_brushless_Light_bot_NoWind_test1,bot,1,1,10,attitude_absolute,reference,Open-side locations,178,4.69892834172264,3.07603918120597,2.98093688464702,2.87581997401765,4.90165349207553,3.79148438420396
QR_motioncap_brushless_Light_bot_NoWind_test1,bot,1,1,10,attitude_run_centered,reference,Open-side locations,178,4.65451643481142,3.0763754931013,2.98093688464702,2.87581997401765,4.90165349207553,3.74266767848933
QR_motioncap_brushless_Light_bot_NoWind_test1,bot,1,2,11,original_static,compared,Upper and lower boundaries,169,7.36408174172087,3.93820619812041,2.88682901952843,2.70538687751214,5.14410002259775,6.9861430025895
QR_motioncap_brushless_Light_bot_NoWind_test1,bot,1,2,11,attitude_absolute,compared,Upper and lower boundaries,169,6.45775934711173,2.79549314112461,2.88682901952843,2.70538687751214,5.14410002259775,6.25840130087199
QR_motioncap_brushless_Light_bot_NoWind_test1,bot,1,2,11,attitude_run_centered,compared,Upper and lower boundaries,169,6.40651184764312,2.79570034861599,2.88682901952843,2.70538687751214,5.14410002259775,6.20691173143539
QR_motioncap_brushless_Light_bot_NoWind_test1,bot,1,3,12,original_static,reference,Open-side locations,169,6.72800652535066,3.19482134208073,3.22221906307972,3.05495488202156,3.87818387272235,6.31039261117621
QR_motioncap_brushless_Light_bot_NoWind_test1,bot,1,3,12,attitude_absolute,reference,Open-side locations,169,7.10939103076879,3.19105779916575,3.22221906307972,3.05495488202156,3.87818387272235,6.73187429806524
QR_motioncap_brushless_Light_bot_NoWind_test1,bot,1,3,12,attitude_run_centered,reference,Open-side locations,169,7.05812553608397,3.19142977378673,3.22221906307972,3.05495488202156,3.87818387272235,6.67928470200223
QR_motioncap_brushless_Light_bot_NoWind_test1,bot,1,4,13,original_static,compared,Upper and lower boundaries,148,7.00946262148943,3.75774823112857,3.07520172122571,2.90832262340592,4.42812528736317,6.22070758054775
QR_motioncap_brushless_Light_bot_NoWind_test1,bot,1,4,13,attitude_absolute,compared,Upper and lower boundaries,148,6.83282318172784,3.21190927722056,3.07520172122571,2.90832262340592,4.42812528736317,6.31942169987273
QR_motioncap_brushless_Light_bot_NoWind_test1,bot,1,4,13,attitude_run_centered,compared,Upper and lower boundaries,148,6.78257788945216,3.21195402990332,3.07520172122571,2.90832262340592,4.42812528736317,6.2712460833879
QR_motioncap_brushless_Light_bot_NoWind_test1,bot,1,5,14,original_static,reference,Open-side locations,176,5.92539837566851,2.80885589782843,1.95497673766423,1.70675574803996,3.84160408032115,5.52680720930396
QR_motioncap_brushless_Light_bot_NoWind_test1,bot,1,5,14,attitude_absolute,reference,Open-side locations,176,5.68490629514954,2.17132798315482,1.95497673766423,1.70675574803996,3.84160408032115,5.42904136735219
QR_motioncap_brushless_Light_bot_NoWind_test1,bot,1,5,14,attitude_run_centered,reference,Open-side locations,176,5.62884297101691,2.17087614767944,1.95497673766423,1.70675574803996,3.84160408032115,5.37446314916067
QR_motioncap_brushless_Light_bot_NoWind_test2,bot,2,1,10,original_static,reference,Open-side locations,179,3.04760693321874,2.78469207342967,2.43720391410811,2.26053318394574,4.57121689146917,2.66074172272837
QR_motioncap_brushless_Light_bot_NoWind_test2,bot,2,1,10,attitude_absolute,reference,Open-side locations,179,2.84665575379303,2.61959359950572,2.43720391410811,2.26053318394574,4.57121689146917,1.92249033298383
QR_motioncap_brushless_Light_bot_NoWind_test2,bot,2,1,10,attitude_run_centered,reference,Open-side locations,179,2.88382125844322,2.61955043894294,2.43720391410811,2.26053318394574,4.57121689146917,1.93730862250948
QR_motioncap_brushless_Light_bot_NoWind_test2,bot,2,2,11,original_static,compared,Upper and lower boundaries,154,3.97871566666371,3.63012214480994,2.92548354360133,2.70220480062416,5.35154236155977,3.28326904822622
QR_motioncap_brushless_Light_bot_NoWind_test2,bot,2,2,11,attitude_absolute,compared,Upper and lower boundaries,154,3.42682511224448,3.03575035612087,2.92548354360133,2.70220480062416,5.35154236155977,2.48382706084559
QR_motioncap_brushless_Light_bot_NoWind_test2,bot,2,2,11,attitude_run_centered,compared,Upper and lower boundaries,154,3.43836101296366,3.03442201405547,2.92548354360133,2.70220480062416,5.35154236155977,2.45055081523497
QR_motioncap_brushless_Light_bot_NoWind_test2,bot,2,3,12,original_static,reference,Open-side locations,170,3.53586417269576,2.89104546137588,2.67015410493116,2.42512856178937,3.69074179010956,3.31148880047742
QR_motioncap_brushless_Light_bot_NoWind_test2,bot,2,3,12,attitude_absolute,reference,Open-side locations,170,3.35805260211485,2.70807480230309,2.67015410493116,2.42512856178937,3.69074179010956,3.25218195010118
QR_motioncap_brushless_Light_bot_NoWind_test2,bot,2,3,12,attitude_run_centered,reference,Open-side locations,170,3.38389830416454,2.70674217027863,2.67015410493116,2.42512856178937,3.69074179010956,3.24088362585339
QR_motioncap_brushless_Light_bot_NoWind_test2,bot,2,4,13,original_static,compared,Upper and lower boundaries,95,3.54648097782428,3.40999186442735,3.12226815201773,2.92699971201333,3.44277027806865,2.53801256168452
QR_motioncap_brushless_Light_bot_NoWind_test2,bot,2,4,13,attitude_absolute,compared,Upper and lower boundaries,95,3.42344595817504,3.29263583406435,3.12226815201773,2.92699971201333,3.44277027806865,2.60701319319011
QR_motioncap_brushless_Light_bot_NoWind_test2,bot,2,4,13,attitude_run_centered,compared,Upper and lower boundaries,95,3.43541888241034,3.29236629390886,3.12226815201773,2.92699971201333,3.44277027806865,2.57507354761947
QR_motioncap_brushless_Light_bot_NoWind_test2,bot,2,5,14,original_static,reference,Open-side locations,181,2.8885093981588,2.68541833274877,2.05744411976791,1.75407001900623,4.15279244433789,2.44435981030879
QR_motioncap_brushless_Light_bot_NoWind_test2,bot,2,5,14,attitude_absolute,reference,Open-side locations,181,2.22511161223915,1.96536359530732,2.05744411976791,1.75407001900623,4.15279244433789,1.82656838000364
QR_motioncap_brushless_Light_bot_NoWind_test2,bot,2,5,14,attitude_run_centered,reference,Open-side locations,181,2.24650629643744,1.96478831711234,2.05744411976791,1.75407001900623,4.15279244433789,1.77736922397933
QR_motioncap_brushless_Light_bot_NoWind_test3,bot,3,1,10,original_static,reference,Open-side locations,172,4.02416114650266,3.69364836818422,3.16487247263431,3.11811218994763,4.81785967530624,3.0364928784072
QR_motioncap_brushless_Light_bot_NoWind_test3,bot,3,1,10,attitude_absolute,reference,Open-side locations,172,3.72794806940785,3.39037959593947,3.16487247263431,3.11811218994763,4.81785967530624,2.70454090185735
QR_motioncap_brushless_Light_bot_NoWind_test3,bot,3,1,10,attitude_run_centered,reference,Open-side locations,172,3.72866190771159,3.39060352870686,3.16487247263431,3.11811218994763,4.81785967530624,2.71203107295356
QR_motioncap_brushless_Light_bot_NoWind_test3,bot,3,2,11,original_static,compared,Upper and lower boundaries,136,4.23326979065657,3.73209058283282,2.45953575449516,2.19812508814424,5.97250214097828,3.71027743698025
QR_motioncap_brushless_Light_bot_NoWind_test3,bot,3,2,11,attitude_absolute,compared,Upper and lower boundaries,136,3.56449712520427,2.83554289346014,2.45953575449516,2.19812508814424,5.97250214097828,2.5819312289368
QR_motioncap_brushless_Light_bot_NoWind_test3,bot,3,2,11,attitude_run_centered,compared,Upper and lower boundaries,136,3.57721982604551,2.83549055581781,2.45953575449516,2.19812508814424,5.97250214097828,2.58905156392649
QR_motioncap_brushless_Light_bot_NoWind_test3,bot,3,3,12,original_static,reference,Open-side locations,169,4.6470603533895,3.85840993634284,3.07048768034195,2.89619480091798,4.4133111365719,3.52117809562601
QR_motioncap_brushless_Light_bot_NoWind_test3,bot,3,3,12,attitude_absolute,reference,Open-side locations,169,3.9655523318474,3.15225143899075,3.07048768034195,2.89619480091798,4.4133111365719,3.10110139939454
QR_motioncap_brushless_Light_bot_NoWind_test3,bot,3,3,12,attitude_run_centered,reference,Open-side locations,169,3.97598565953544,3.15256927964464,3.07048768034195,2.89619480091798,4.4133111365719,3.11649415935386
QR_motioncap_brushless_Light_bot_NoWind_test3,bot,3,4,13,original_static,compared,Upper and lower boundaries,123,4.38917564088758,3.72973977041954,3.08363400258769,2.86034849793369,4.74073842160997,3.64985291597949
QR_motioncap_brushless_Light_bot_NoWind_test3,bot,3,4,13,attitude_absolute,compared,Upper and lower boundaries,123,3.7052641842809,3.10726663720415,3.08363400258769,2.86034849793369,4.74073842160997,2.8243641234998
QR_motioncap_brushless_Light_bot_NoWind_test3,bot,3,4,13,attitude_run_centered,compared,Upper and lower boundaries,123,3.74313986326293,3.10737077476969,3.08363400258769,2.86034849793369,4.74073842160997,2.87639336886504
QR_motioncap_brushless_Light_bot_NoWind_test3,bot,3,5,14,original_static,reference,Open-side locations,179,3.07467439107636,2.69628226261769,2.15186482195783,1.88053690101561,3.60611688784225,2.11949443407633
QR_motioncap_brushless_Light_bot_NoWind_test3,bot,3,5,14,attitude_absolute,reference,Open-side locations,179,2.51502829571944,2.04076404517522,2.15186482195783,1.88053690101561,3.60611688784225,1.57256976370578
QR_motioncap_brushless_Light_bot_NoWind_test3,bot,3,5,14,attitude_run_centered,reference,Open-side locations,179,2.54095185412667,2.04074834432853,2.15186482195783,1.88053690101561,3.60611688784225,1.60482793901516
QR_motioncap_brushless_Light_bot_NoWind_test4,bot,4,1,10,original_static,reference,Open-side locations,176,3.22449356350038,2.92818210831353,2.84804997157116,2.79283038346706,4.47913260798436,2.64934251695498
QR_motioncap_brushless_Light_bot_NoWind_test4,bot,4,1,10,attitude_absolute,reference,Open-side locations,176,3.37736782390771,3.11827943989416,2.84804997157116,2.79283038346706,4.47913260798436,2.08046426286705
QR_motioncap_brushless_Light_bot_NoWind_test4,bot,4,1,10,attitude_run_centered,reference,Open-side locations,176,3.3965299983872,3.11893206441541,2.84804997157116,2.79283038346706,4.47913260798436,2.0879377675041
QR_motioncap_brushless_Light_bot_NoWind_test4,bot,4,2,11,original_static,compared,Upper and lower boundaries,171,4.1694638775108,3.71533237126445,2.53145942095491,2.29475094017596,5.74237509791679,3.34327086400834
QR_motioncap_brushless_Light_bot_NoWind_test4,bot,4,2,11,attitude_absolute,compared,Upper and lower boundaries,171,3.12653537018816,2.48130012661372,2.53145942095491,2.29475094017596,5.74237509791679,2.30016260477147
QR_motioncap_brushless_Light_bot_NoWind_test4,bot,4,2,11,attitude_run_centered,compared,Upper and lower boundaries,171,3.15380508159431,2.48143368833523,2.53145942095491,2.29475094017596,5.74237509791679,2.2913361524726
QR_motioncap_brushless_Light_bot_NoWind_test4,bot,4,3,12,original_static,reference,Open-side locations,166,3.96252874150493,3.08231099343365,2.56501152152376,2.36341907441937,4.16515044116117,3.49139497431639
QR_motioncap_brushless_Light_bot_NoWind_test4,bot,4,3,12,attitude_absolute,reference,Open-side locations,166,3.57756462067662,2.71168323150775,2.56501152152376,2.36341907441937,4.16515044116117,3.1049083156664
QR_motioncap_brushless_Light_bot_NoWind_test4,bot,4,3,12,attitude_run_centered,reference,Open-side locations,166,3.63276328810882,2.71081110045799,2.56501152152376,2.36341907441937,4.16515044116117,3.15127791176732
QR_motioncap_brushless_Light_bot_NoWind_test4,bot,4,4,13,original_static,compared,Upper and lower boundaries,167,3.82743453471915,3.28131373650986,3.05630715899994,2.85655049084312,3.66343747051173,2.79567908548995
QR_motioncap_brushless_Light_bot_NoWind_test4,bot,4,4,13,attitude_absolute,compared,Upper and lower boundaries,167,3.57074724182654,3.1327972699821,3.05630715899994,2.85655049084312,3.66343747051173,2.68822591295004
QR_motioncap_brushless_Light_bot_NoWind_test4,bot,4,4,13,attitude_run_centered,compared,Upper and lower boundaries,167,3.65653431115002,3.13319363452066,3.05630715899994,2.85655049084312,3.66343747051173,2.7803632436652
QR_motioncap_brushless_Light_bot_NoWind_test4,bot,4,5,14,original_static,reference,Open-side locations,173,3.28385069355922,2.76185666575495,2.04350587717541,1.80925540646422,3.46802847971839,2.26501952030232
QR_motioncap_brushless_Light_bot_NoWind_test4,bot,4,5,14,attitude_absolute,reference,Open-side locations,173,2.65869753504879,1.90157913360629,2.04350587717541,1.80925540646422,3.46802847971839,2.05922207523794
QR_motioncap_brushless_Light_bot_NoWind_test4,bot,4,5,14,attitude_run_centered,reference,Open-side locations,173,2.79456235755419,1.9015920935853,2.04350587717541,1.80925540646422,3.46802847971839,2.22307746751991
QR_motioncap_brushless_Light_bot_NoWind_test5,bot,5,1,10,original_static,reference,Open-side locations,173,3.33012225956681,3.009380754833,2.61043663143466,2.53959630131694,4.29483802038766,2.60649833484447
QR_motioncap_brushless_Light_bot_NoWind_test5,bot,5,1,10,attitude_absolute,reference,Open-side locations,173,3.03072570884069,2.70271916811535,2.61043663143466,2.53959630131694,4.29483802038766,2.13111657387462
QR_motioncap_brushless_Light_bot_NoWind_test5,bot,5,1,10,attitude_run_centered,reference,Open-side locations,173,3.03424071349795,2.70263437535048,2.61043663143466,2.53959630131694,4.29483802038766,2.12773304340448
QR_motioncap_brushless_Light_bot_NoWind_test5,bot,5,2,11,original_static,compared,Upper and lower boundaries,171,3.89008073555917,3.42286572121886,3.12947002969996,2.96110061890248,4.8060685005249,2.86731125128254
QR_motioncap_brushless_Light_bot_NoWind_test5,bot,5,2,11,attitude_absolute,compared,Upper and lower boundaries,171,3.82864843797804,3.1516411621922,3.12947002969996,2.96110061890248,4.8060685005249,2.62274987806054
QR_motioncap_brushless_Light_bot_NoWind_test5,bot,5,2,11,attitude_run_centered,compared,Upper and lower boundaries,171,3.82761514680357,3.15136185042497,3.12947002969996,2.96110061890248,4.8060685005249,2.61599132600702
QR_motioncap_brushless_Light_bot_NoWind_test5,bot,5,3,12,original_static,reference,Open-side locations,170,4.05579170030546,2.43427619208974,2.02260738859983,1.77107372485107,2.91467617564733,3.53095661995597
QR_motioncap_brushless_Light_bot_NoWind_test5,bot,5,3,12,attitude_absolute,reference,Open-side locations,170,3.7518196280817,2.3984818183759,2.02260738859983,1.77107372485107,2.91467617564733,3.16357686187214
QR_motioncap_brushless_Light_bot_NoWind_test5,bot,5,3,12,attitude_run_centered,reference,Open-side locations,170,3.74394195784922,2.39825806317413,2.02260738859983,1.77107372485107,2.91467617564733,3.14879405375431
QR_motioncap_brushless_Light_bot_NoWind_test5,bot,5,4,13,original_static,compared,Upper and lower boundaries,163,4.17489643697895,3.09243766432946,3.17945550707417,3.02389598032813,4.08031414944753,3.74715741707839
QR_motioncap_brushless_Light_bot_NoWind_test5,bot,5,4,13,attitude_absolute,compared,Upper and lower boundaries,163,4.20743433954213,3.20077405119193,3.17945550707417,3.02389598032813,4.08031414944753,3.68319865432008
QR_motioncap_brushless_Light_bot_NoWind_test5,bot,5,4,13,attitude_run_centered,compared,Upper and lower boundaries,163,4.1919978323107,3.20043874682017,3.17945550707417,3.02389598032813,4.08031414944753,3.65879799816501
QR_motioncap_brushless_Light_bot_NoWind_test5,bot,5,5,14,original_static,reference,Open-side locations,177,3.51940325241028,2.63683815714543,1.9976812482628,1.77360782767152,3.8131122744933,2.89694694143069
QR_motioncap_brushless_Light_bot_NoWind_test5,bot,5,5,14,attitude_absolute,reference,Open-side locations,177,3.39790671132813,1.96538887494938,1.9976812482628,1.77360782767152,3.8131122744933,2.97843957450044
QR_motioncap_brushless_Light_bot_NoWind_test5,bot,5,5,14,attitude_run_centered,reference,Open-side locations,177,3.38192146508047,1.96544906094792,1.9976812482628,1.77360782767152,3.8131122744933,2.95403830367878
QR_motioncap_brushless_Light_mid_NoWind_test1,mid,1,1,6,original_static,compared,Opposing vertical surfaces,183,4.6601655872947,4.24554077854939,2.9990649067771,2.819294124036,4.74003248780206,3.61861977677034
QR_motioncap_brushless_Light_mid_NoWind_test1,mid,1,1,6,attitude_absolute,compared,Opposing vertical surfaces,183,3.98860502402588,3.49512279826018,2.9990649067771,2.819294124036,4.74003248780206,3.18891920385243
QR_motioncap_brushless_Light_mid_NoWind_test1,mid,1,1,6,attitude_run_centered,compared,Opposing vertical surfaces,183,3.95698566738072,3.49526881255037,2.9990649067771,2.819294124036,4.74003248780206,3.19241023811097
QR_motioncap_brushless_Light_mid_NoWind_test1,mid,1,2,7,original_static,compared,Opposing vertical surfaces,156,3.56052250556976,2.98871076331925,1.85891262428244,1.82164235455151,3.34345314186203,3.41402312782009
QR_motioncap_brushless_Light_mid_NoWind_test1,mid,1,2,7,attitude_absolute,compared,Opposing vertical surfaces,156,3.21840957714821,2.53733018145799,1.85891262428244,1.82164235455151,3.34345314186203,3.19386277461339
QR_motioncap_brushless_Light_mid_NoWind_test1,mid,1,2,7,attitude_run_centered,compared,Opposing vertical surfaces,156,3.18255214484745,2.53753411298581,1.85891262428244,1.82164235455151,3.34345314186203,3.17698402027707
QR_motioncap_brushless_Light_mid_NoWind_test1,mid,1,3,8,original_static,reference,Opening toward M9,175,4.41546610141815,4.34889959962887,3.23541623373795,3.18481600262343,7.21923234231924,4.04165104179062
QR_motioncap_brushless_Light_mid_NoWind_test1,mid,1,3,8,attitude_absolute,reference,Opening toward M9,175,3.63733014024243,3.50027984666165,3.23541623373795,3.18481600262343,7.21923234231924,2.52169641434866
QR_motioncap_brushless_Light_mid_NoWind_test1,mid,1,3,8,attitude_run_centered,reference,Opening toward M9,175,3.5999909890744,3.50050047936524,3.23541623373795,3.18481600262343,7.21923234231924,2.46874541710396
QR_motioncap_brushless_Light_mid_NoWind_test2,mid,2,1,6,original_static,compared,Opposing vertical surfaces,179,4.96003080798722,4.77468111669733,3.04091717617015,3.00293429186712,6.92131464340836,4.45657141333475
QR_motioncap_brushless_Light_mid_NoWind_test2,mid,2,1,6,attitude_absolute,compared,Opposing vertical surfaces,179,3.92069626689565,3.67016393101751,3.04091717617015,3.00293429186712,6.92131464340836,3.18741059153431
QR_motioncap_brushless_Light_mid_NoWind_test2,mid,2,1,6,attitude_run_centered,compared,Opposing vertical surfaces,179,3.92585106044979,3.67014343048421,3.04091717617015,3.00293429186712,6.92131464340836,3.18585981099625
QR_motioncap_brushless_Light_mid_NoWind_test2,mid,2,2,7,original_static,compared,Opposing vertical surfaces,161,3.69176333393116,3.24442937930386,2.01950346407638,1.9307122528953,3.8774659635319,3.28773467042836
QR_motioncap_brushless_Light_mid_NoWind_test2,mid,2,2,7,attitude_absolute,compared,Opposing vertical surfaces,161,3.01619580385,2.45795940473608,2.01950346407638,1.9307122528953,3.8774659635319,2.89345252493205
QR_motioncap_brushless_Light_mid_NoWind_test2,mid,2,2,7,attitude_run_centered,compared,Opposing vertical surfaces,161,3.00360600733863,2.45761691289504,2.01950346407638,1.9307122528953,3.8774659635319,2.86541029528294
QR_motioncap_brushless_Light_mid_NoWind_test2,mid,2,3,8,original_static,reference,Opening toward M9,172,4.07567534131615,4.02937311965901,3.17305250860465,3.14086398829626,6.29137989693043,3.55826768840174
QR_motioncap_brushless_Light_mid_NoWind_test2,mid,2,3,8,attitude_absolute,reference,Opening toward M9,172,3.61816815207231,3.4958812342475,3.17305250860465,3.14086398829626,6.29137989693043,2.1910103014576
QR_motioncap_brushless_Light_mid_NoWind_test2,mid,2,3,8,attitude_run_centered,reference,Opening toward M9,172,3.60271916651789,3.49684652105628,3.17305250860465,3.14086398829626,6.29137989693043,2.14839695763053
QR_motioncap_brushless_Light_mid_NoWind_test3,mid,3,1,6,original_static,compared,Opposing vertical surfaces,176,4.46025968181688,4.22232834392154,2.74317842862322,2.71395126066476,6.31902666431833,4.04198964718167
QR_motioncap_brushless_Light_mid_NoWind_test3,mid,3,1,6,attitude_absolute,compared,Opposing vertical surfaces,176,3.68823873361228,3.40572260147569,2.74317842862322,2.71395126066476,6.31902666431833,3.07966864867713
QR_motioncap_brushless_Light_mid_NoWind_test3,mid,3,1,6,attitude_run_centered,compared,Opposing vertical surfaces,176,3.69235457639371,3.40515835016506,2.74317842862322,2.71395126066476,6.31902666431833,3.07766653680366
QR_motioncap_brushless_Light_mid_NoWind_test3,mid,3,2,7,original_static,compared,Opposing vertical surfaces,164,4.0403809950379,3.2885295738792,1.92186032309724,1.86169852411174,3.27185427978836,3.96894855146837
QR_motioncap_brushless_Light_mid_NoWind_test3,mid,3,2,7,attitude_absolute,compared,Opposing vertical surfaces,164,3.77247648357756,3.04531142244109,1.92186032309724,1.86169852411174,3.27185427978836,3.74706400859289
QR_motioncap_brushless_Light_mid_NoWind_test3,mid,3,2,7,attitude_run_centered,compared,Opposing vertical surfaces,164,3.7844813942442,3.04535638320059,1.92186032309724,1.86169852411174,3.27185427978836,3.73954455848443
QR_motioncap_brushless_Light_mid_NoWind_test3,mid,3,3,8,original_static,reference,Opening toward M9,177,3.97044575675974,3.92477237451988,2.33320688555703,2.28491961844586,6.70403708117703,3.63990613523585
QR_motioncap_brushless_Light_mid_NoWind_test3,mid,3,3,8,attitude_absolute,reference,Opening toward M9,177,3.09138098112606,2.94265860305614,2.33320688555703,2.28491961844586,6.70403708117703,2.06308679980876
QR_motioncap_brushless_Light_mid_NoWind_test3,mid,3,3,8,attitude_run_centered,reference,Opening toward M9,177,3.04300799143741,2.94327809187648,2.33320688555703,2.28491961844586,6.70403708117703,1.98852379166582
QR_motioncap_brushless_Light_mid_NoWind_test4,mid,4,1,6,original_static,compared,Opposing vertical surfaces,162,4.73224141517713,4.31599685192364,2.70393618435318,2.66334613819488,5.28085309125078,4.03064278106058
QR_motioncap_brushless_Light_mid_NoWind_test4,mid,4,1,6,attitude_absolute,compared,Opposing vertical surfaces,162,3.70412146336011,3.15899917258117,2.70393618435318,2.66334613819488,5.28085309125078,3.37521507686287
QR_motioncap_brushless_Light_mid_NoWind_test4,mid,4,1,6,attitude_run_centered,compared,Opposing vertical surfaces,162,3.70360125299189,3.15789776932009,2.70393618435318,2.66334613819488,5.28085309125078,3.35518462160904
QR_motioncap_brushless_Light_mid_NoWind_test4,mid,4,2,7,original_static,compared,Opposing vertical surfaces,111,3.80387785742438,3.310087984171,1.9836273321687,1.98135190874338,3.12249286084182,3.11935160231773
QR_motioncap_brushless_Light_mid_NoWind_test4,mid,4,2,7,attitude_absolute,compared,Opposing vertical surfaces,111,3.20185423641102,2.62506793589613,1.9836273321687,1.98135190874338,3.12249286084182,2.91999175949536
QR_motioncap_brushless_Light_mid_NoWind_test4,mid,4,2,7,attitude_run_centered,compared,Opposing vertical surfaces,111,3.23269309915456,2.62535664122222,1.9836273321687,1.98135190874338,3.12249286084182,2.94665564784329
QR_motioncap_brushless_Light_mid_NoWind_test4,mid,4,3,8,original_static,reference,Opening toward M9,170,4.2604073334086,4.01657206183127,2.9628919686312,2.93436113334525,5.37028850271305,3.13952805123343
QR_motioncap_brushless_Light_mid_NoWind_test4,mid,4,3,8,attitude_absolute,reference,Opening toward M9,170,3.49276417493263,3.31710545066519,2.9628919686312,2.93436113334525,5.37028850271305,2.41776615356698
QR_motioncap_brushless_Light_mid_NoWind_test4,mid,4,3,8,attitude_run_centered,reference,Opening toward M9,170,3.57862551208529,3.31631276198838,2.9628919686312,2.93436113334525,5.37028850271305,2.52070265357571
QR_motioncap_brushless_Light_mid_NoWind_test5,mid,5,1,6,original_static,compared,Opposing vertical surfaces,196,4.44346151436459,4.04028719253291,3.77324628609066,3.68957611586961,4.09325037124626,3.21348412270934
QR_motioncap_brushless_Light_mid_NoWind_test5,mid,5,1,6,attitude_absolute,compared,Opposing vertical surfaces,196,4.33724272543757,3.88102910534089,3.77324628609066,3.68957611586961,4.09325037124626,2.87898423522373
QR_motioncap_brushless_Light_mid_NoWind_test5,mid,5,1,6,attitude_run_centered,compared,Opposing vertical surfaces,196,4.3138559035787,3.88095898490745,3.77324628609066,3.68957611586961,4.09325037124626,2.86340636472404
QR_motioncap_brushless_Light_mid_NoWind_test5,mid,5,2,7,original_static,compared,Opposing vertical surfaces,118,4.78966072441987,4.24064663666209,2.13845863484196,2.12226232459362,6.09704096081492,4.21905020065759
QR_motioncap_brushless_Light_mid_NoWind_test5,mid,5,2,7,attitude_absolute,compared,Opposing vertical surfaces,118,3.24116140156605,2.53503127744923,2.13845863484196,2.12226232459362,6.09704096081492,3.31735361476911
QR_motioncap_brushless_Light_mid_NoWind_test5,mid,5,2,7,attitude_run_centered,compared,Opposing vertical surfaces,118,3.24962094676638,2.53571710442567,2.13845863484196,2.12226232459362,6.09704096081492,3.32119921066465
QR_motioncap_brushless_Light_mid_NoWind_test5,mid,5,3,8,original_static,reference,Opening toward M9,171,4.72903296354191,4.62857402283923,3.18735595714552,3.16466134318996,6.63343704800881,3.67100098794558
QR_motioncap_brushless_Light_mid_NoWind_test5,mid,5,3,8,attitude_absolute,reference,Opening toward M9,171,3.32730292348167,3.18253711631288,3.18735595714552,3.16466134318996,6.63343704800881,2.39449229816414
QR_motioncap_brushless_Light_mid_NoWind_test5,mid,5,3,8,attitude_run_centered,reference,Opening toward M9,171,3.27745115723865,3.18289453108877,3.18735595714552,3.16466134318996,6.63343704800881,2.35776752679777
QR_motioncap_brushless_Light_top_NoWind_test1,top,1,1,1,original_static,reference,Open-side locations,180,5.86579467204378,4.21767344101023,2.32653768648538,2.1424901023912,5.87431755940561,4.82357946347588
QR_motioncap_brushless_Light_top_NoWind_test1,top,1,1,1,attitude_absolute,reference,Open-side locations,180,4.71297352293036,2.11572115953261,2.32653768648538,2.1424901023912,5.87431755940561,3.8861017272805
QR_motioncap_brushless_Light_top_NoWind_test1,top,1,1,1,attitude_run_centered,reference,Open-side locations,180,5.19639381422643,2.11706744849641,2.32653768648538,2.1424901023912,5.87431755940561,4.40021135445956
QR_motioncap_brushless_Light_top_NoWind_test1,top,1,2,2,original_static,compared,Upper and lower boundaries,173,6.09087245447404,4.79081325139237,2.67028132035065,2.63236397845847,6.76789791830606,4.98799288330824
QR_motioncap_brushless_Light_top_NoWind_test1,top,1,2,2,attitude_absolute,compared,Upper and lower boundaries,173,5.52271424008047,3.11209720887016,2.67028132035065,2.63236397845847,6.76789791830606,4.76464639608206
QR_motioncap_brushless_Light_top_NoWind_test1,top,1,2,2,attitude_run_centered,compared,Upper and lower boundaries,173,6.0429047395112,3.11080654892954,2.67028132035065,2.63236397845847,6.76789791830606,5.3147346072962
QR_motioncap_brushless_Light_top_NoWind_test1,top,1,3,3,original_static,reference,Open-side locations,168,7.33321652680683,5.32970230265306,3.71146273664804,3.08886346467623,8.42353273182859,6.60304761576461
QR_motioncap_brushless_Light_top_NoWind_test1,top,1,3,3,attitude_absolute,reference,Open-side locations,168,5.39028188858574,3.23484873352008,3.71146273664804,3.08886346467623,8.42353273182859,4.53239600986038
QR_motioncap_brushless_Light_top_NoWind_test1,top,1,3,3,attitude_run_centered,reference,Open-side locations,168,5.87472542255182,3.23513462572581,3.71146273664804,3.08886346467623,8.42353273182859,5.0831019266394
QR_motioncap_brushless_Light_top_NoWind_test1,top,1,4,4,original_static,compared,Upper and lower boundaries,154,7.79264243180204,6.21661494248887,3.53182501410405,3.51935807464785,10.8748063459313,6.83572474994088
QR_motioncap_brushless_Light_top_NoWind_test1,top,1,4,4,attitude_absolute,compared,Upper and lower boundaries,154,6.24265925055359,4.05099791780463,3.53182501410405,3.51935807464785,10.8748063459313,5.54985265704017
QR_motioncap_brushless_Light_top_NoWind_test1,top,1,4,4,attitude_run_centered,compared,Upper and lower boundaries,154,6.71987246154315,4.05072622752494,3.53182501410405,3.51935807464785,10.8748063459313,6.05455566557993
QR_motioncap_brushless_Light_top_NoWind_test1,top,1,5,5,original_static,reference,Open-side locations,164,4.99143903484209,2.74724362793452,1.47054777086848,1.43224192326303,4.25983397133025,4.61332332393355
QR_motioncap_brushless_Light_top_NoWind_test1,top,1,5,5,attitude_absolute,reference,Open-side locations,164,4.76279874854601,1.6542091348091,1.47054777086848,1.43224192326303,4.25983397133025,4.34429853291407
QR_motioncap_brushless_Light_top_NoWind_test1,top,1,5,5,attitude_run_centered,reference,Open-side locations,164,5.34996628685094,1.65357443757174,1.47054777086848,1.43224192326303,4.25983397133025,4.94515473892453
QR_motioncap_brushless_Light_top_NoWind_test2,top,2,1,1,original_static,reference,Open-side locations,179,4.92690988907335,4.03431600988163,2.14448752555128,1.9973623103441,5.6676955975319,4.05568907517203
QR_motioncap_brushless_Light_top_NoWind_test2,top,2,1,1,attitude_absolute,reference,Open-side locations,179,3.84009338793006,2.03017723558805,2.14448752555128,1.9973623103441,5.6676955975319,3.28823954094371
QR_motioncap_brushless_Light_top_NoWind_test2,top,2,1,1,attitude_run_centered,reference,Open-side locations,179,3.94846117392364,2.030552335818,2.14448752555128,1.9973623103441,5.6676955975319,3.41593515952069
QR_motioncap_brushless_Light_top_NoWind_test2,top,2,2,2,original_static,compared,Upper and lower boundaries,171,6.05041880082255,5.51187638787383,3.15203084860358,3.15829271832435,8.67743276693074,5.24815608629888
QR_motioncap_brushless_Light_top_NoWind_test2,top,2,2,2,attitude_absolute,compared,Upper and lower boundaries,171,4.5945167970935,3.34527989604924,3.15203084860358,3.15829271832435,8.67743276693074,4.2037346794066
QR_motioncap_brushless_Light_top_NoWind_test2,top,2,2,2,attitude_run_centered,compared,Upper and lower boundaries,171,4.71747299713748,3.34599128938788,3.15203084860358,3.15829271832435,8.67743276693074,4.34439809960083
QR_motioncap_brushless_Light_top_NoWind_test2,top,2,3,3,original_static,reference,Open-side locations,172,4.88271547281424,3.44869501262765,2.93056023240547,2.10367695312348,4.60381819491515,3.83281528954518
QR_motioncap_brushless_Light_top_NoWind_test2,top,2,3,3,attitude_absolute,reference,Open-side locations,172,4.19759846789984,2.14891016656504,2.93056023240547,2.10367695312348,4.60381819491515,3.49465257238821
QR_motioncap_brushless_Light_top_NoWind_test2,top,2,3,3,attitude_run_centered,reference,Open-side locations,172,4.36107476304315,2.14935865343077,2.93056023240547,2.10367695312348,4.60381819491515,3.6414735298356
QR_motioncap_brushless_Light_top_NoWind_test2,top,2,4,4,original_static,compared,Upper and lower boundaries,130,7.16047246067686,5.7074882161948,2.89064811033675,2.879107228364,10.5195835079186,6.74952476739754
QR_motioncap_brushless_Light_top_NoWind_test2,top,2,4,4,attitude_absolute,compared,Upper and lower boundaries,130,4.81246532081296,3.58921854786011,2.89064811033675,2.879107228364,10.5195835079186,4.3809073267207
QR_motioncap_brushless_Light_top_NoWind_test2,top,2,4,4,attitude_run_centered,compared,Upper and lower boundaries,130,4.91754966878299,3.59043895559386,2.89064811033675,2.879107228364,10.5195835079186,4.48299027859855
QR_motioncap_brushless_Light_top_NoWind_test2,top,2,5,5,original_static,reference,Open-side locations,172,4.37179373483796,2.56215066940172,1.90480470289333,1.86635454063538,3.8768395606252,3.92459070131481
QR_motioncap_brushless_Light_top_NoWind_test2,top,2,5,5,attitude_absolute,reference,Open-side locations,172,4.01957263309948,2.09953924612972,1.90480470289333,1.86635454063538,3.8768395606252,3.47516621471986
QR_motioncap_brushless_Light_top_NoWind_test2,top,2,5,5,attitude_run_centered,reference,Open-side locations,172,4.16474601759482,2.09994570817396,1.90480470289333,1.86635454063538,3.8768395606252,3.62684000319912
QR_motioncap_brushless_Light_top_NoWind_test3,top,3,1,1,original_static,reference,Open-side locations,178,4.34876128779125,3.20869666956768,2.10171612524974,1.95319671698857,3.95386150048242,3.15325400617396
QR_motioncap_brushless_Light_top_NoWind_test3,top,3,1,1,attitude_absolute,reference,Open-side locations,178,3.51763501615924,2.03323951401437,2.10171612524974,1.95319671698857,3.95386150048242,2.50567151854183
QR_motioncap_brushless_Light_top_NoWind_test3,top,3,1,1,attitude_run_centered,reference,Open-side locations,178,3.59956019195347,2.03246121056993,2.10171612524974,1.95319671698857,3.95386150048242,2.59188008882951
QR_motioncap_brushless_Light_top_NoWind_test3,top,3,2,2,original_static,compared,Upper and lower boundaries,166,5.87257121820129,5.83716617312642,3.31642262559169,3.30905280797478,9.41969572088191,5.07315151907398
QR_motioncap_brushless_Light_top_NoWind_test3,top,3,2,2,attitude_absolute,compared,Upper and lower boundaries,166,4.16295458603291,3.8318572165888,3.31642262559169,3.30905280797478,9.41969572088191,3.25903843716286
QR_motioncap_brushless_Light_top_NoWind_test3,top,3,2,2,attitude_run_centered,compared,Upper and lower boundaries,166,4.2336990612081,3.83043291553811,3.31642262559169,3.30905280797478,9.41969572088191,3.33748710846727
QR_motioncap_brushless_Light_top_NoWind_test3,top,3,3,3,original_static,reference,Open-side locations,168,3.67877194291732,3.42892231392522,2.96319665429629,2.07603801423938,4.87655154838893,2.8267307627496
QR_motioncap_brushless_Light_top_NoWind_test3,top,3,3,3,attitude_absolute,reference,Open-side locations,168,2.86334280159585,2.16911920953676,2.96319665429629,2.07603801423938,4.87655154838893,1.93519838494929
QR_motioncap_brushless_Light_top_NoWind_test3,top,3,3,3,attitude_run_centered,reference,Open-side locations,168,2.94369510512017,2.16858070334386,2.96319665429629,2.07603801423938,4.87655154838893,2.02384426129793
QR_motioncap_brushless_Light_top_NoWind_test3,top,3,4,4,original_static,compared,Upper and lower boundaries,122,5.83941412642632,5.31556472989748,3.12468477719264,3.11137408903172,8.25470225879496,5.40904627218744
QR_motioncap_brushless_Light_top_NoWind_test3,top,3,4,4,attitude_absolute,compared,Upper and lower boundaries,122,3.7728081366549,3.62465414035235,3.12468477719264,3.11137408903172,8.25470225879496,3.33812119843161
QR_motioncap_brushless_Light_top_NoWind_test3,top,3,4,4,attitude_run_centered,compared,Upper and lower boundaries,122,3.81178334346092,3.62451343543089,3.12468477719264,3.11137408903172,8.25470225879496,3.36714026315921
QR_motioncap_brushless_Light_top_NoWind_test3,top,3,5,5,original_static,reference,Open-side locations,166,2.81611813216405,2.67006036701233,1.52619493955279,1.48159456325687,3.77129823094391,2.2863129426844
QR_motioncap_brushless_Light_top_NoWind_test3,top,3,5,5,attitude_absolute,reference,Open-side locations,166,2.01987127982072,1.80852033307414,1.52619493955279,1.48159456325687,3.77129823094391,1.56869196646741
QR_motioncap_brushless_Light_top_NoWind_test3,top,3,5,5,attitude_run_centered,reference,Open-side locations,166,2.09225079364267,1.80837963579084,1.52619493955279,1.48159456325687,3.77129823094391,1.62104282220829
QR_motioncap_brushless_Light_top_NoWind_test4,top,4,1,1,original_static,reference,Open-side locations,174,4.34698471590897,3.46907660735467,1.97052221603241,1.8605770234842,4.85850189834177,3.50173202897577
QR_motioncap_brushless_Light_top_NoWind_test4,top,4,1,1,attitude_absolute,reference,Open-side locations,174,3.39689615003716,1.96445257146216,1.97052221603241,1.8605770234842,4.85850189834177,2.75642548475401
QR_motioncap_brushless_Light_top_NoWind_test4,top,4,1,1,attitude_run_centered,reference,Open-side locations,174,3.47943579902644,1.96458847759269,1.97052221603241,1.8605770234842,4.85850189834177,2.84853175157247
QR_motioncap_brushless_Light_top_NoWind_test4,top,4,2,2,original_static,compared,Upper and lower boundaries,171,5.47711736141072,5.47536639521438,3.6819947395543,3.67441757305278,8.37802075517589,4.57984114573003
QR_motioncap_brushless_Light_top_NoWind_test4,top,4,2,2,attitude_absolute,compared,Upper and lower boundaries,171,4.03969223879818,3.97901384912074,3.6819947395543,3.67441757305278,8.37802075517589,2.94955462467615
QR_motioncap_brushless_Light_top_NoWind_test4,top,4,2,2,attitude_run_centered,compared,Upper and lower boundaries,171,4.09672845213757,3.97910854467408,3.6819947395543,3.67441757305278,8.37802075517589,3.00438452277953
QR_motioncap_brushless_Light_top_NoWind_test4,top,4,3,3,original_static,reference,Open-side locations,167,3.88323233871218,3.56059408727706,2.92221997408414,2.02654256490364,5.08863220082913,3.13858109062398
QR_motioncap_brushless_Light_top_NoWind_test4,top,4,3,3,attitude_absolute,reference,Open-side locations,167,2.65681209717378,2.22707430815057,2.92221997408414,2.02654256490364,5.08863220082913,2.10014127632174
QR_motioncap_brushless_Light_top_NoWind_test4,top,4,3,3,attitude_run_centered,reference,Open-side locations,167,2.67671489895376,2.22682320051843,2.92221997408414,2.02654256490364,5.08863220082913,2.11871935132359
QR_motioncap_brushless_Light_top_NoWind_test4,top,4,4,4,original_static,compared,Upper and lower boundaries,158,5.44448859305178,5.29692093930767,3.19439713708542,3.1832963455371,9.59013203285167,5.4104130615281
QR_motioncap_brushless_Light_top_NoWind_test4,top,4,4,4,attitude_absolute,compared,Upper and lower boundaries,158,4.09802246325906,3.89136798722188,3.19439713708542,3.1832963455371,9.59013203285167,3.11903363230779
QR_motioncap_brushless_Light_top_NoWind_test4,top,4,4,4,attitude_run_centered,compared,Upper and lower boundaries,158,4.20104067892758,3.89255092265088,3.19439713708542,3.1832963455371,9.59013203285167,3.22899925520603
QR_motioncap_brushless_Light_top_NoWind_test4,top,4,5,5,original_static,reference,Open-side locations,167,2.57965348855031,2.01355579921088,1.31369859104995,1.28125572719548,2.6638502086671,1.98559870838369
QR_motioncap_brushless_Light_top_NoWind_test4,top,4,5,5,attitude_absolute,reference,Open-side locations,167,1.94762569003903,1.42994651596596,1.31369859104995,1.28125572719548,2.6638502086671,1.47694385717187
QR_motioncap_brushless_Light_top_NoWind_test4,top,4,5,5,attitude_run_centered,reference,Open-side locations,167,2.07339109568956,1.42999302507539,1.31369859104995,1.28125572719548,2.6638502086671,1.60083026002622
QR_motioncap_brushless_Light_top_NoWind_test5,top,5,1,1,original_static,reference,Open-side locations,178,4.8565042211743,4.05791495671239,2.33502086701053,2.23515354448307,5.35775944964043,3.69728512046585
QR_motioncap_brushless_Light_top_NoWind_test5,top,5,1,1,attitude_absolute,reference,Open-side locations,178,3.58806523998753,2.20257819874803,2.33502086701053,2.23515354448307,5.35775944964043,2.79057203521424
QR_motioncap_brushless_Light_top_NoWind_test5,top,5,1,1,attitude_run_centered,reference,Open-side locations,178,3.60633743485361,2.20227021812759,2.33502086701053,2.23515354448307,5.35775944964043,2.8035764623285
QR_motioncap_brushless_Light_top_NoWind_test5,top,5,2,2,original_static,compared,Upper and lower boundaries,164,5.33304742437531,5.07715934364215,3.29419490149586,3.27980911108705,7.00725466315669,3.89953317057138
QR_motioncap_brushless_Light_top_NoWind_test5,top,5,2,2,attitude_absolute,compared,Upper and lower boundaries,164,4.01210679606784,3.47811316176228,3.29419490149586,3.27980911108705,7.00725466315669,3.06538099236008
QR_motioncap_brushless_Light_top_NoWind_test5,top,5,2,2,attitude_run_centered,compared,Upper and lower boundaries,164,4.01307584662119,3.47745625796888,3.29419490149586,3.27980911108705,7.00725466315669,3.06638428833052
QR_motioncap_brushless_Light_top_NoWind_test5,top,5,3,3,original_static,reference,Open-side locations,166,3.78039228224787,3.38569950737797,3.73162615376346,3.09887844718032,6.06206320121608,3.49565857869779
QR_motioncap_brushless_Light_top_NoWind_test5,top,5,3,3,attitude_absolute,reference,Open-side locations,166,4.49184356548918,3.35034861933039,3.73162615376346,3.09887844718032,6.06206320121608,3.07142504181126
QR_motioncap_brushless_Light_top_NoWind_test5,top,5,3,3,attitude_run_centered,reference,Open-side locations,166,4.48034820684954,3.34974937432347,3.73162615376346,3.09887844718032,6.06206320121608,3.08666831626001
QR_motioncap_brushless_Light_top_NoWind_test5,top,5,4,4,original_static,compared,Upper and lower boundaries,126,6.60676187731181,5.27897365749107,3.52775939066278,3.49129568466979,10.3196629043934,6.00300633889513
QR_motioncap_brushless_Light_top_NoWind_test5,top,5,4,4,attitude_absolute,compared,Upper and lower boundaries,126,4.82475977347214,4.31894334963007,3.52775939066278,3.49129568466979,10.3196629043934,3.65053529277319
QR_motioncap_brushless_Light_top_NoWind_test5,top,5,4,4,attitude_run_centered,compared,Upper and lower boundaries,126,4.82475539761048,4.31807388739818,3.52775939066278,3.49129568466979,10.3196629043934,3.6484840948606
QR_motioncap_brushless_Light_top_NoWind_test5,top,5,5,5,original_static,reference,Open-side locations,169,3.09927088234249,2.92780574582017,1.89377985012663,1.82584504713827,4.00935318440547,2.3324967782719
QR_motioncap_brushless_Light_top_NoWind_test5,top,5,5,5,attitude_absolute,reference,Open-side locations,169,2.43762868704047,2.07206532198877,1.89377985012663,1.82584504713827,4.00935318440547,1.7179850167142
QR_motioncap_brushless_Light_top_NoWind_test5,top,5,5,5,attitude_run_centered,reference,Open-side locations,169,2.44564936345716,2.07177100162181,1.89377985012663,1.82584504713827,4.00935318440547,1.72954558409894
