mode,scope,metric,pearson_r,ci95_low,ci95_high,n_windows,n_flights,resamples,valid_resamples,seed,resampling_unit
attitude_absolute,pooled,kalman_pos_std_3d_cm,0.935903992500058,0.896920745964328,0.962151297627522,65,15,20000,20000,20260907,whole flight within route
attitude_absolute,pooled,rpy_std_deg,0.656249808980461,0.565701654067861,0.741201176002062,65,15,20000,20000,20260907,whole flight within route
attitude_absolute,six_group_centered,kalman_pos_std_3d_cm,0.926509186270313,0.88771156236634,0.960686609283859,65,15,20000,20000,20260907,whole flight within route
attitude_absolute,six_group_centered,rpy_std_deg,0.497911818985986,0.193183619317969,0.692610671862722,65,15,20000,20000,20260907,whole flight within route
attitude_absolute,route_top,kalman_pos_std_3d_cm,0.975686434527498,0.963631067566127,0.985522348899037,25,5,20000,20000,20260907,whole flight within route
attitude_absolute,route_top,rpy_std_deg,0.933582816529723,0.898186616258366,0.973423393170718,25,5,20000,20000,20260907,whole flight within route
attitude_absolute,route_mid,kalman_pos_std_3d_cm,0.892412691816196,0.806442045471239,0.968181513140973,15,5,20000,20000,20260907,whole flight within route
attitude_absolute,route_mid,rpy_std_deg,0.424733419240931,-0.232203048406874,0.90738124671935,15,5,20000,20000,20260907,whole flight within route
attitude_absolute,route_bot,kalman_pos_std_3d_cm,0.956626565499956,0.94404723199516,0.978676602366432,25,5,20000,20000,20260907,whole flight within route
attitude_absolute,route_bot,rpy_std_deg,0.310491120713332,0.0691425680569809,0.528721808130706,25,5,20000,20000,20260907,whole flight within route
attitude_absolute,bot|compared,kalman_pos_std_3d_cm,0.846954862344574,0.731011367577267,0.992773345323418,10,5,20000,20000,20260907,whole flight within route
attitude_absolute,bot|compared,rpy_std_deg,-0.789291076754059,-0.972333140295857,-0.763053472442416,10,5,20000,20000,20260907,whole flight within route
attitude_absolute,bot|reference,kalman_pos_std_3d_cm,0.964305130514055,0.914604842494322,0.992126369744969,15,5,20000,20000,20260907,whole flight within route
attitude_absolute,bot|reference,rpy_std_deg,0.623813328392549,0.273717063476215,0.893466430914128,15,5,20000,20000,20260907,whole flight within route
attitude_absolute,mid|compared,kalman_pos_std_3d_cm,0.912536252511712,0.824474516861303,0.990834585398089,10,5,20000,20000,20260907,whole flight within route
attitude_absolute,mid|compared,rpy_std_deg,0.409418634910781,-0.353266787705503,0.901317934084804,10,5,20000,20000,20260907,whole flight within route
attitude_absolute,mid|reference,kalman_pos_std_3d_cm,0.829916307244632,-0.281742219956334,1,5,5,20000,19958,20260907,whole flight within route
attitude_absolute,mid|reference,rpy_std_deg,-0.0127503212311264,-1.0000000000001,0.999999999999984,5,5,20000,19958,20260907,whole flight within route
attitude_absolute,top|compared,kalman_pos_std_3d_cm,0.800774677210866,0.497870610355974,0.961779651543172,10,5,20000,20000,20260907,whole flight within route
attitude_absolute,top|compared,rpy_std_deg,0.701702021507497,-0.0566972817747507,0.945411704231656,10,5,20000,20000,20260907,whole flight within route
attitude_absolute,top|reference,kalman_pos_std_3d_cm,0.977494433542268,0.937566154138253,0.98727579073893,15,5,20000,20000,20260907,whole flight within route
attitude_absolute,top|reference,rpy_std_deg,0.812112774917288,0.568519968811573,0.954468854510056,15,5,20000,20000,20260907,whole flight within route
attitude_run_centered,pooled,kalman_pos_std_3d_cm,0.935925830884591,0.896936281423102,0.962201070267288,65,15,20000,20000,20260907,whole flight within route
attitude_run_centered,pooled,rpy_std_deg,0.656341926886309,0.565852979997721,0.741129066449833,65,15,20000,20000,20260907,whole flight within route
attitude_run_centered,six_group_centered,kalman_pos_std_3d_cm,0.926543100317072,0.887717590420264,0.960702022903715,65,15,20000,20000,20260907,whole flight within route
attitude_run_centered,six_group_centered,rpy_std_deg,0.49816597052305,0.193449010970507,0.692858933642131,65,15,20000,20000,20260907,whole flight within route
attitude_run_centered,route_top,kalman_pos_std_3d_cm,0.97569825607111,0.963636784316297,0.985524268347569,25,5,20000,20000,20260907,whole flight within route
attitude_run_centered,route_top,rpy_std_deg,0.933719718084734,0.898403813627623,0.973420238671222,25,5,20000,20000,20260907,whole flight within route
attitude_run_centered,route_mid,kalman_pos_std_3d_cm,0.892485302769659,0.806671604040799,0.968397273524919,15,5,20000,20000,20260907,whole flight within route
attitude_run_centered,route_mid,rpy_std_deg,0.42502534347096,-0.232021530842692,0.907355573254472,15,5,20000,20000,20260907,whole flight within route
attitude_run_centered,route_bot,kalman_pos_std_3d_cm,0.956696428744424,0.944085446402663,0.978772357194577,25,5,20000,20000,20260907,whole flight within route
attitude_run_centered,route_bot,rpy_std_deg,0.310517289037529,0.0691554376578138,0.528777057385774,25,5,20000,20000,20260907,whole flight within route
attitude_run_centered,bot|compared,kalman_pos_std_3d_cm,0.847110162822236,0.731498263406516,0.993018328813099,10,5,20000,20000,20260907,whole flight within route
attitude_run_centered,bot|compared,rpy_std_deg,-0.789910477034277,-0.972585644914736,-0.763439485996645,10,5,20000,20000,20260907,whole flight within route
attitude_run_centered,bot|reference,kalman_pos_std_3d_cm,0.964375979728466,0.91461795286076,0.992175656079527,15,5,20000,20000,20260907,whole flight within route
attitude_run_centered,bot|reference,rpy_std_deg,0.623944555452297,0.274280230010512,0.893429487181745,15,5,20000,20000,20260907,whole flight within route
attitude_run_centered,mid|compared,kalman_pos_std_3d_cm,0.912528071450279,0.824071835306862,0.990746979802237,10,5,20000,20000,20260907,whole flight within route
attitude_run_centered,mid|compared,rpy_std_deg,0.40936279370782,-0.353009352899304,0.901105091976872,10,5,20000,20000,20260907,whole flight within route
attitude_run_centered,mid|reference,kalman_pos_std_3d_cm,0.82980184869,-0.277446961192511,1,5,5,20000,19958,20260907,whole flight within route
attitude_run_centered,mid|reference,rpy_std_deg,-0.0110332244310981,-1.00000000000002,1.00000000000003,5,5,20000,19958,20260907,whole flight within route
attitude_run_centered,top|compared,kalman_pos_std_3d_cm,0.800614187348373,0.496404164988976,0.961589701190041,10,5,20000,20000,20260907,whole flight within route
attitude_run_centered,top|compared,rpy_std_deg,0.702633929330748,-0.0552336302262613,0.945465808523765,10,5,20000,20000,20260907,whole flight within route
attitude_run_centered,top|reference,kalman_pos_std_3d_cm,0.97758741252409,0.937499253106785,0.987395108676472,15,5,20000,20000,20260907,whole flight within route
attitude_run_centered,top|reference,rpy_std_deg,0.812422455017287,0.568751784200887,0.954669453864466,15,5,20000,20000,20260907,whole flight within route
original_static,pooled,kalman_pos_std_3d_cm,0.723497876409473,0.650600610139907,0.79193008387868,65,15,20000,20000,20260907,whole flight within route
original_static,pooled,rpy_std_deg,0.922307802207058,0.886644010620607,0.948427052937936,65,15,20000,20000,20260907,whole flight within route
original_static,six_group_centered,kalman_pos_std_3d_cm,0.64491345830373,0.448668033206085,0.808142179213297,65,15,20000,20000,20260907,whole flight within route
original_static,six_group_centered,rpy_std_deg,0.811654610066823,0.667721036231021,0.899075224496766,65,15,20000,20000,20260907,whole flight within route
original_static,route_top,kalman_pos_std_3d_cm,0.902507699029283,0.80211845583962,0.978090246667389,25,5,20000,20000,20260907,whole flight within route
original_static,route_top,rpy_std_deg,0.955199175787731,0.907775757578484,0.981444113753154,25,5,20000,20000,20260907,whole flight within route
original_static,route_mid,kalman_pos_std_3d_cm,0.734820124860245,0.430883829717588,0.928397357111809,15,5,20000,20000,20260907,whole flight within route
original_static,route_mid,rpy_std_deg,0.828548540989657,0.778116180016206,0.897369187627734,15,5,20000,20000,20260907,whole flight within route
original_static,route_bot,kalman_pos_std_3d_cm,0.679822912086777,0.518319028892769,0.797525264947942,25,5,20000,20000,20260907,whole flight within route
original_static,route_bot,rpy_std_deg,0.71434651465378,0.528729885897321,0.856620485917657,25,5,20000,20000,20260907,whole flight within route
original_static,bot|compared,kalman_pos_std_3d_cm,-0.529277826007448,-0.861699434742226,-0.114501503344668,10,5,20000,20000,20260907,whole flight within route
original_static,bot|compared,rpy_std_deg,0.656195534622732,0.487737449254462,0.899805050194622,10,5,20000,20000,20260907,whole flight within route
original_static,bot|reference,kalman_pos_std_3d_cm,0.83774185016899,0.731801193255896,0.935575894673436,15,5,20000,20000,20260907,whole flight within route
original_static,bot|reference,rpy_std_deg,0.69517956249225,0.382654819811896,0.858638759249609,15,5,20000,20000,20260907,whole flight within route
original_static,mid|compared,kalman_pos_std_3d_cm,0.716780295015635,0.342022153400774,0.995350529642741,10,5,20000,20000,20260907,whole flight within route
original_static,mid|compared,rpy_std_deg,0.891076394166986,0.796147289850123,0.96574694966238,10,5,20000,20000,20260907,whole flight within route
original_static,mid|reference,kalman_pos_std_3d_cm,0.626835254829951,0.425911728447292,1.00000000000049,5,5,20000,19958,20260907,whole flight within route
original_static,mid|reference,rpy_std_deg,0.432802784778707,-0.999999999999778,1.00000000000003,5,5,20000,19958,20260907,whole flight within route
original_static,top|compared,kalman_pos_std_3d_cm,0.467825714674391,-0.545385433399295,0.914192751165485,10,5,20000,20000,20260907,whole flight within route
original_static,top|compared,rpy_std_deg,0.771397374684759,0.31584905723786,0.962805458032046,10,5,20000,20000,20260907,whole flight within route
original_static,top|reference,kalman_pos_std_3d_cm,0.746699190954746,0.359427018543134,0.971262973520171,15,5,20000,20000,20260907,whole flight within route
original_static,top|reference,rpy_std_deg,0.938935710068342,0.753667725839994,0.984612346368438,15,5,20000,20000,20260907,whole flight within route
