mode,level,role,rmse_3d_cm,mean_offset_norm_cm,dispersion_3d_cm,mean_offset_squared_cm2,temporal_mean_square_cm2,mse_cm2,bias_x_cm,sd_x_cm,rmse_x_cm,p95_abs_x_cm,min_signed_x_cm,max_signed_x_cm,bias_y_cm,sd_y_cm,rmse_y_cm,p95_abs_y_cm,min_signed_y_cm,max_signed_y_cm,bias_z_cm,sd_z_cm,rmse_z_cm,p95_abs_z_cm,min_signed_z_cm,max_signed_z_cm
attitude_absolute,bot,compared,4.21439802982791,2.72496894582741,3.02451107491746,10.1784765796872,9.13896094996928,19.3174375296565,1.11972960788183,1.82082006095193,2.19042627974479,4.30848745086778,-3.43586574341533,7.01720283837076,-0.38724047044017,1.86580667854497,2.89891219465761,5.18275625456136,-4.74181809420764,4.37885048026874,1.16008533958402,1.51191284449562,1.96818762034352,3.60998730762343,-3.25719185308927,5.33975743553475
attitude_absolute,bot,reference,3.72837709070975,2.49340494554936,2.60753224714646,8.41904255507624,7.00113470036187,15.4201772554381,0.934862858619775,1.44418023163869,1.77303056129308,3.29101217040543,-2.67539586448034,5.06055046682844,-0.37566068224339,1.63575283454215,2.52585175790386,4.35426364659965,-4.10971817728138,3.702129364873,1.30210328406118,1.37972923019154,1.9003785778624,3.39599945509469,-3.50890494902858,5.0098396966979
attitude_absolute,mid,compared,3.60890017158843,1.85615275501136,3.0811737830656,3.50610496247654,9.67992487957849,13.186029842055,1.18080725605253,2.3235171834944,2.680189342611,5.31832613721919,-3.46816765322134,9.4066562098457,-0.0336247321533268,1.52210855365388,1.54519921094761,2.8531738348037,-4.5081865947602,3.29819281458136,1.14006247261366,1.24992499834573,1.70235123520815,3.13720635247324,-2.74795209633807,4.39014339228613
attitude_absolute,mid,reference,3.43338927437102,1.01808078972674,3.28769245018867,1.03962428604181,10.7900345184695,11.8296588045114,-0.0462263984414785,2.04578402133432,2.05815278269292,3.8859054710041,-4.66852544396431,5.21781217970145,0.213893010790755,2.01117511510764,2.14379483495175,4.11270937080749,-4.2515883799673,4.5983267273148,-0.613798038806602,1.60171182089206,1.71584753020456,3.55926982581388,-4.99321360417095,3.34178784386586
attitude_absolute,top,compared,4.60826996028255,2.4747272571637,3.72215432752603,7.90103104579427,13.8782745130701,21.7793055588644,0.442177924153886,2.17602682285342,2.34534000304554,4.86916696303316,-5.06350351912732,6.83479473939716,2.27798921461608,2.53599242174168,3.58531656300571,6.63671621205192,-3.87059387212247,8.60670581318421,-0.0726398002401963,1.61864118530807,1.6262722533055,3.08607085830911,-4.86370459171432,3.86463181897934
attitude_absolute,top,reference,3.58953594508896,2.77749870408377,2.16938335122772,8.98518246741832,4.91553064983224,13.9007131172506,-0.686379663056602,1.29011628012016,1.68825957990127,3.08264846723215,-3.92499256010777,2.73932748656213,2.1872797725645,1.39101470692722,2.69636873531506,4.44134207925153,-1.4304631002534,5.61034225677138,0.033715950444249,0.980919860250106,1.40042990872439,2.69160247670007,-2.46124558362842,2.85191811635475
attitude_run_centered,bot,compared,4.22131816936363,2.74821213823025,3.02437319371722,10.1638125979266,9.13808711735475,19.3018997152813,1.12560750489097,1.82103447314308,2.19322473373978,4.31457321955589,-3.4312780504507,7.02325285237464,-0.292718794729858,1.86536564927796,2.90511829143818,5.19657433171015,-4.64658294257856,4.47401640014312,1.17388879171665,1.51170612240531,1.97522891297453,3.60698807698877,-3.24243749636889,5.35231934326919
attitude_run_centered,bot,reference,3.73901800018727,2.51767254937307,2.60742401676751,8.4226681141696,7.00075912233478,15.4234272365044,0.941627000612854,1.4450556889423,1.77670192737559,3.29745387730647,-2.66983552321102,5.0716418919292,-0.280864811895699,1.63481904594069,2.53513561213794,4.35256596075733,-4.0151501673021,3.79418801319661,1.31586977959667,1.37954246118191,1.90929661635423,3.4104082523197,-3.49505438764081,5.02377226663424
attitude_run_centered,mid,compared,3.6045602053146,1.847527632229,3.08110085021565,3.47190522430408,9.67934147898287,13.1512467032869,1.18008961314045,2.32376049740732,2.67922801578148,5.31259107615242,-3.47167311474409,9.40735933537719,-0.0359846458583703,1.52191582092746,1.54483281731062,2.85031131243089,-4.50826340551152,3.29556448207451,1.12650368758561,1.24980233181899,1.69489775202887,3.1203202458884,-2.76262554121554,4.37541537897568
attitude_run_centered,mid,reference,3.42035896327073,0.955845588735952,3.28796647707503,0.957717104318132,10.7918158544812,11.7495329587994,-0.0476096372257656,2.04692722930474,2.05683809651372,3.88279025809116,-4.66834196603793,5.21400321562295,0.209831643090897,2.01010775043291,2.11733450971068,4.01946429396598,-4.25209885707375,4.59170793718162,-0.62684095302893,1.60215867940022,1.72210850030905,3.56833969615715,-5.00936003323738,3.32756864771624
attitude_run_centered,top,compared,4.75788826469407,2.71595152834654,3.72200989850972,9.56070507212349,13.8772048285071,23.4379099006306,0.481767447037932,2.17905062943186,2.35464139712694,4.89160213642176,-5.0274510335496,6.87966941386375,2.53311321789766,2.53380194171886,3.75966881385322,6.85660591987254,-3.60592527257523,8.86009110899813,-0.0678281369461134,1.61809899824281,1.62394007103972,3.08829057391042,-4.85676626949129,3.86888727103095
attitude_run_centered,top,reference,3.75285002451581,2.97351942529876,2.16935000374538,10.466083217139,4.91536878348073,15.3814520006197,-0.645729295352141,1.29027477496688,1.67403825468057,3.0576915359119,-3.8874180372159,2.77806163140012,2.45024956512585,1.39087263603645,2.91078452776726,4.69564715386933,-1.16746103296914,5.87116614238706,0.0389344643156342,0.98069513887958,1.4004282330755,2.69532649809994,-2.45460887439574,2.85575815995492
kalman,bot,compared,2.94496443101851,1.08658383637256,2.74376856298832,1.18368552139334,7.54707396051797,8.73075948191131,0.060519663103658,1.5460092612988,1.55759203667806,2.91653809035573,-3.36800158739577,5.2914888369105,0.188056166896777,2.08992336292055,2.1049567824275,4.07857519968814,-5.11751812259112,5.09552572367738,1.02141146703758,0.842771835105989,1.32487842052766,2.37685373677752,-1.2612224028103,2.99632591307789
kalman,bot,reference,2.51983016251333,0.91864826957837,2.33479259859279,0.873562193800849,5.67516118157622,6.54872337537707,-0.0837094675395555,1.32490298568386,1.34609704356437,2.67143762522222,-4.09910789319852,3.45588010552077,0.142878985411013,1.74909238107647,1.76167411096097,3.54568279955415,-4.35905586465806,4.87573968066198,0.849080305274306,0.75063462994695,1.16687765696878,1.9690163703412,-1.51624929265826,2.61624093087445
kalman,mid,compared,2.51827053604811,0.541240677149334,2.46067692955279,0.34588764036275,6.3591657713062,6.70505341166895,0.0205673185559165,1.32994206548626,1.33741447567414,2.56570727589185,-3.13110416824407,3.21585250983558,0.218245797078764,1.74727319470227,1.76119808845627,3.19198993264404,-5.23837933156161,3.83441119973825,0.154017852965522,1.07249164805859,1.16253120332191,2.58242639606735,-2.48733850917753,2.6895581103598
kalman,mid,reference,2.97838471073528,0.509963353328207,2.94192441718015,0.263507354253669,8.72009296855405,8.98360032280772,-0.0205568018955712,1.8984769785462,1.89414791110903,3.61257871624778,-4.29175504758043,4.37301367050932,0.152188138827217,1.92649351577767,1.92815581179202,3.82820711297027,-4.68212930093648,5.32912418616019,-0.473048067705015,1.1381196359616,1.23072203309298,2.48101360467045,-3.70268750516392,2.05156010675608
kalman,top,compared,3.23842388649778,0.386970070307004,3.22383676111479,0.161824062438311,10.4097473291356,10.5715713915739,-0.0579262946952715,1.78718080629589,1.79194904259847,3.44311347606736,-4.82225127370629,3.99361242757681,0.293930958544964,2.51929981137278,2.53502862090598,4.97845148178456,-5.99931201180289,6.86281805702209,0.0591674426390199,0.833624731364977,0.835152517174122,1.6473843805984,-1.99572591666685,2.2787213390387
kalman,top,reference,2.34975840173453,1.08524274760761,2.03133806288688,1.70959933626006,4.34403004673544,6.05362938299549,-0.097765575451788,1.15633992087646,1.18001566449502,2.33296096258871,-3.04053569557676,2.78851713485066,0.270970363377861,1.38821156460513,1.41989151446264,2.7931654449492,-3.47727270672803,3.72293432388994,-0.492757186457446,0.801562533941157,1.34877547011762,2.55251913594265,-2.09271589400413,2.00203791608442
original_static,bot,compared,4.65830620240105,2.77889002800851,3.57098482850612,10.6309301453836,12.7242278828336,23.3551580282172,1.15396128162287,1.86029556962542,2.2384891532444,4.49355014320098,-3.46918328813132,7.19751280820165,-0.536824195294064,2.88279694800473,3.74343186377963,6.69053880366741,-6.72320976143024,6.10628273863884,1.13232531533366,0.934146296274958,1.51854357555731,2.60348067699161,-1.40411274315427,3.68842406182618
original_static,bot,reference,4.00677154556714,2.49190250535571,2.99382206687262,8.14736237433888,9.06084724324875,17.2082096175876,0.972788451643477,1.47667156595918,1.81704866293436,3.43122986019366,-2.73103794400912,5.25203063397942,-0.199585122368697,2.42790711107089,3.13996223331978,5.74123271900354,-5.81489880990538,5.87363121056078,1.30321705964535,0.862168939112043,1.56871148421333,2.55466014457556,-1.68850379896192,3.32830677845373
original_static,mid,compared,4.31423644230236,1.89031653376454,3.86712386209602,3.6543080064779,15.1849796543552,18.8392876608331,1.25391342159743,2.40629641484232,2.78022113078018,5.54018063099171,-3.49792695074638,9.55769450165576,-0.0198694365979927,2.83701731683444,2.85197615038592,5.62156031370036,-7.1849150430029,6.81013199005334,1.11393358235788,0.93755971518407,1.47110145265218,2.61293001951659,-1.72369931158655,3.42984277365136
original_static,mid,reference,4.29020549928891,0.934349387945072,4.18963823569565,0.957450122150579,17.5198965388063,18.4773466609569,0.0568161725082693,2.09777990795933,2.11093138936145,3.95542436966312,-4.59751081320606,5.48752004286992,0.423450623684788,3.45462534147815,3.51456466172618,6.84906363368978,-8.60562289374112,7.42128815895607,-0.620201929060335,1.07624689654828,1.24296825462945,2.54521620756854,-3.60609982751003,1.8503146263761
original_static,top,compared,6.16678067485527,2.60885589904411,5.4507944036629,8.94374739391257,29.6584280930353,38.6021754869479,0.659585884298652,2.54033762394665,2.75975333812824,5.73151535506024,-5.35989479262213,8.22768563476063,2.40439803124127,4.69811227931027,5.41043851944116,10.1353129735311,-11.592985154767,12.1584031892902,-0.122468565274466,1.01797006397947,1.03573433368587,2.03403932196008,-2.97316946160956,2.63958032999143
original_static,top,reference,4.38410390814847,2.64345611570871,3.40414047451781,8.46350155705396,12.1241302485446,20.5876318055985,-0.616886095188711,1.43622877922339,1.78037461168775,3.37704295872932,-4.14308869015774,3.27001399422277,2.02822796991906,2.98532360688304,3.7540264748196,6.59063449983581,-6.46682705080338,7.8899644822166,0.0362203511788272,0.727553402007809,1.23688505183778,2.28667190554699,-1.66624287558251,2.17394378718471
