extent_s,mode,route,metric,min_mean,max_mean,min_positive_flights,max_positive_flights,min_individual_difference
0.05,attitude_absolute,bot,kalman_pos_std_3d_cm,0.408975964395522,0.412477668455499,4,4,-0.10237783758811
0.05,attitude_absolute,bot,kt_rmse_3d_cm,0.42513426850518,0.427951458876139,4,4,-0.024156779769934
0.05,attitude_absolute,bot,rpy_std_deg,0.668959668147135,0.67059983237133,5,5,0.25687719684812
0.05,attitude_absolute,bot,visual_dispersion_3d_cm,0.399752829016219,0.435361081332488,5,5,0.100162025766326
0.05,attitude_absolute,bot,vk_rmse_3d_cm,0.377397201844975,0.394031389315568,5,5,0.0314848644465209
0.05,attitude_absolute,bot,vt_rmse_3d_cm,0.471459549846953,0.502034479810475,5,5,0.127983035193597
0.05,attitude_absolute,mid,kalman_pos_std_3d_cm,-0.509357655422127,-0.456311140077015,0,1,-0.870221896971507
0.05,attitude_absolute,mid,kt_rmse_3d_cm,-0.48718993257371,-0.43607390646078,0,1,-0.813065485570841
0.05,attitude_absolute,mid,rpy_std_deg,-1.73699652774323,-1.736411620151,0,0,-3.18401104449778
0.05,attitude_absolute,mid,visual_dispersion_3d_cm,-0.220540412462836,-0.201819009190894,1,2,-0.56508639729343
0.05,attitude_absolute,mid,vk_rmse_3d_cm,0.782319025334858,0.905891965958028,5,5,0.586228299140459
0.05,attitude_absolute,mid,vt_rmse_3d_cm,0.165352073037268,0.175510897217414,2,3,-0.165712774982405
0.05,attitude_absolute,top,kalman_pos_std_3d_cm,1.18267388453958,1.20721399563073,5,5,0.843337104042285
0.05,attitude_absolute,top,kt_rmse_3d_cm,0.878952131366442,0.903113278862044,5,5,0.587390503206724
0.05,attitude_absolute,top,rpy_std_deg,4.08700546761609,4.09366861140142,5,5,2.63271478862148
0.05,attitude_absolute,top,visual_dispersion_3d_cm,1.51303654282185,1.62392432047685,5,5,1.18238974798406
0.05,attitude_absolute,top,vk_rmse_3d_cm,0.885573502103591,1.08914847254363,5,5,0.76043285555887
0.05,attitude_absolute,top,vt_rmse_3d_cm,0.9672998071549,1.09969318339091,5,5,0.61927614684854
0.05,attitude_run_centered,bot,kalman_pos_std_3d_cm,0.408975964395522,0.412477668455499,4,4,-0.10237783758811
0.05,attitude_run_centered,bot,kt_rmse_3d_cm,0.42513426850518,0.427951458876139,4,4,-0.024156779769934
0.05,attitude_run_centered,bot,rpy_std_deg,0.668959668147135,0.67059983237133,5,5,0.25687719684812
0.05,attitude_run_centered,bot,visual_dispersion_3d_cm,0.39974237508196,0.435297499396993,5,5,0.100008291224821
0.05,attitude_run_centered,bot,vk_rmse_3d_cm,0.370082991131377,0.386796762127146,4,5,-0.000389738529262385
0.05,attitude_run_centered,bot,vt_rmse_3d_cm,0.467891475262773,0.498131178158495,5,5,0.11451283004597
0.05,attitude_run_centered,mid,kalman_pos_std_3d_cm,-0.509357655422127,-0.456311140077015,0,1,-0.870221896971507
0.05,attitude_run_centered,mid,kt_rmse_3d_cm,-0.48718993257371,-0.43607390646078,0,1,-0.813065485570841
0.05,attitude_run_centered,mid,rpy_std_deg,-1.73699652774323,-1.736411620151,0,0,-3.18401104449778
0.05,attitude_run_centered,mid,visual_dispersion_3d_cm,-0.220962035844158,-0.202123467916139,1,2,-0.565219929364311
0.05,attitude_run_centered,mid,vk_rmse_3d_cm,0.797775605724743,0.920568089879945,5,5,0.519562142649879
0.05,attitude_run_centered,mid,vt_rmse_3d_cm,0.172795955908574,0.184436922436297,2,3,-0.16897233280196
0.05,attitude_run_centered,top,kalman_pos_std_3d_cm,1.18267388453958,1.20721399563073,5,5,0.843337104042285
0.05,attitude_run_centered,top,kt_rmse_3d_cm,0.878952131366442,0.903113278862044,5,5,0.587390503206724
0.05,attitude_run_centered,top,rpy_std_deg,4.08700546761609,4.09366861140142,5,5,2.63271478862148
0.05,attitude_run_centered,top,visual_dispersion_3d_cm,1.51288009475194,1.62383049690653,5,5,1.18121523949047
0.05,attitude_run_centered,top,vk_rmse_3d_cm,0.870247969505437,1.07132905734324,5,5,0.739597475204265
0.05,attitude_run_centered,top,vt_rmse_3d_cm,0.953778502196228,1.08496435233486,5,5,0.593246904851221
0.05,original_static,bot,kalman_pos_std_3d_cm,0.408975964395522,0.412477668455499,4,4,-0.10237783758811
0.05,original_static,bot,kt_rmse_3d_cm,0.42513426850518,0.427951458876139,4,4,-0.024156779769934
0.05,original_static,bot,rpy_std_deg,0.668959668147135,0.67059983237133,5,5,0.25687719684812
0.05,original_static,bot,visual_dispersion_3d_cm,0.577162761633503,0.577162761633503,5,5,0.314801654244595
0.05,original_static,bot,vk_rmse_3d_cm,0.527679320887119,0.587288400713071,5,5,0.0953656081363197
0.05,original_static,bot,vt_rmse_3d_cm,0.651534656833915,0.651534656833915,5,5,0.395924085449236
0.05,original_static,mid,kalman_pos_std_3d_cm,-0.509357655422127,-0.456311140077015,0,1,-0.870221896971507
0.05,original_static,mid,kt_rmse_3d_cm,-0.48718993257371,-0.43607390646078,0,1,-0.813065485570841
0.05,original_static,mid,rpy_std_deg,-1.73699652774323,-1.736411620151,0,0,-3.18401104449778
0.05,original_static,mid,visual_dispersion_3d_cm,-0.322514373599631,-0.322514373599631,0,0,-0.731773828694545
0.05,original_static,mid,vk_rmse_3d_cm,0.0781896342366897,0.162007589909046,3,4,-0.620033297556925
0.05,original_static,mid,vt_rmse_3d_cm,0.0240309430134496,0.0240309430134496,3,3,-0.305122054985915
0.05,original_static,top,kalman_pos_std_3d_cm,1.18267388453958,1.20721399563073,5,5,0.843337104042285
0.05,original_static,top,kt_rmse_3d_cm,0.878952131366442,0.903113278862044,5,5,0.587390503206724
0.05,original_static,top,rpy_std_deg,4.08700546761609,4.09366861140142,5,5,2.63271478862148
0.05,original_static,top,visual_dispersion_3d_cm,2.04665392914509,2.04665392914509,5,5,1.40550763974135
0.05,original_static,top,vk_rmse_3d_cm,1.78670815915584,1.83275844051617,5,5,0.565208682233213
0.05,original_static,top,vt_rmse_3d_cm,1.78267676670681,1.78267676670681,5,5,0.878274031907142
0.1,attitude_absolute,bot,kalman_pos_std_3d_cm,0.408975964395522,0.417844360022814,4,4,-0.10237783758811
0.1,attitude_absolute,bot,kt_rmse_3d_cm,0.423315665854079,0.437265068378155,4,4,-0.024156779769934
0.1,attitude_absolute,bot,rpy_std_deg,0.667306696602165,0.670655229220341,5,5,0.255244597176611
0.1,attitude_absolute,bot,visual_dispersion_3d_cm,0.385779867057387,0.457318484414732,5,5,0.100162025766326
0.1,attitude_absolute,bot,vk_rmse_3d_cm,0.377397201844975,0.414590077568302,5,5,0.0314848644465209
0.1,attitude_absolute,bot,vt_rmse_3d_cm,0.455438055966399,0.520746924065196,5,5,0.124001512869998
0.1,attitude_absolute,mid,kalman_pos_std_3d_cm,-0.534994585093197,-0.430384789868123,0,1,-0.877018963330137
0.1,attitude_absolute,mid,kt_rmse_3d_cm,-0.511689557354471,-0.411016532606486,0,1,-0.820854344066696
0.1,attitude_absolute,mid,rpy_std_deg,-1.73913496975806,-1.73628975970115,0,0,-3.19034490102807
0.1,attitude_absolute,mid,visual_dispersion_3d_cm,-0.244635048868241,-0.201819009190894,1,2,-0.658662540980722
0.1,attitude_absolute,mid,vk_rmse_3d_cm,0.683847843120217,0.911447257259514,5,5,0.471503791178365
0.1,attitude_absolute,mid,vt_rmse_3d_cm,0.144747504773952,0.175510897217414,2,3,-0.199120433781514
0.1,attitude_absolute,top,kalman_pos_std_3d_cm,1.17067083447739,1.21761427483148,5,5,0.831550155564787
0.1,attitude_absolute,top,kt_rmse_3d_cm,0.867116158787696,0.913337084819807,5,5,0.57639986461511
0.1,attitude_absolute,top,rpy_std_deg,4.08485156352968,4.0965676036762,5,5,2.63047917277654
0.1,attitude_absolute,top,visual_dispersion_3d_cm,1.50721411635091,1.72887012821032,5,5,1.14226176220506
0.1,attitude_absolute,top,vk_rmse_3d_cm,0.855020551021327,1.26187117404489,5,5,0.717075287798762
0.1,attitude_absolute,top,vt_rmse_3d_cm,0.947602213781269,1.2142105027778,5,5,0.603111356136947
0.1,attitude_run_centered,bot,kalman_pos_std_3d_cm,0.408975964395522,0.417844360022814,4,4,-0.10237783758811
0.1,attitude_run_centered,bot,kt_rmse_3d_cm,0.423315665854079,0.437265068378155,4,4,-0.024156779769934
0.1,attitude_run_centered,bot,rpy_std_deg,0.667306696602165,0.670655229220341,5,5,0.255244597176611
0.1,attitude_run_centered,bot,visual_dispersion_3d_cm,0.385783475282343,0.457227442978299,5,5,0.100008291224821
0.1,attitude_run_centered,bot,vk_rmse_3d_cm,0.370082991131377,0.407451444203293,4,5,-0.000389738529262385
0.1,attitude_run_centered,bot,vt_rmse_3d_cm,0.451904605242081,0.516736941801356,5,5,0.110375704354954
0.1,attitude_run_centered,mid,kalman_pos_std_3d_cm,-0.534994585093197,-0.430384789868123,0,1,-0.877018963330137
0.1,attitude_run_centered,mid,kt_rmse_3d_cm,-0.511689557354471,-0.411016532606486,0,1,-0.820854344066696
0.1,attitude_run_centered,mid,rpy_std_deg,-1.73913496975806,-1.73628975970115,0,0,-3.19034490102807
0.1,attitude_run_centered,mid,visual_dispersion_3d_cm,-0.245101061074963,-0.202123467916139,1,2,-0.65882499965956
0.1,attitude_run_centered,mid,vk_rmse_3d_cm,0.698665399586629,0.925365012997796,5,5,0.390750371120468
0.1,attitude_run_centered,mid,vt_rmse_3d_cm,0.151056821810593,0.184436922436297,2,3,-0.23960129574973
0.1,attitude_run_centered,top,kalman_pos_std_3d_cm,1.17067083447739,1.21761427483148,5,5,0.831550155564787
0.1,attitude_run_centered,top,kt_rmse_3d_cm,0.867116158787696,0.913337084819807,5,5,0.57639986461511
0.1,attitude_run_centered,top,rpy_std_deg,4.08485156352968,4.0965676036762,5,5,2.63047917277654
0.1,attitude_run_centered,top,visual_dispersion_3d_cm,1.50704676111475,1.72878196525281,5,5,1.14119491666676
0.1,attitude_run_centered,top,vk_rmse_3d_cm,0.839182995673671,1.24177256955134,5,5,0.69466572536107
0.1,attitude_run_centered,top,vt_rmse_3d_cm,0.933579015273617,1.19807952640703,5,5,0.575165418041101
0.1,original_static,bot,kalman_pos_std_3d_cm,0.408975964395522,0.417844360022814,4,4,-0.10237783758811
0.1,original_static,bot,kt_rmse_3d_cm,0.423315665854079,0.437265068378155,4,4,-0.024156779769934
0.1,original_static,bot,rpy_std_deg,0.667306696602165,0.670655229220341,5,5,0.255244597176611
0.1,original_static,bot,visual_dispersion_3d_cm,0.577162761633503,0.577162761633503,5,5,0.314801654244595
0.1,original_static,bot,vk_rmse_3d_cm,0.50626236946621,0.627940078403551,5,5,0.090871148971726
0.1,original_static,bot,vt_rmse_3d_cm,0.651534656833915,0.651534656833915,5,5,0.395924085449236
0.1,original_static,mid,kalman_pos_std_3d_cm,-0.534994585093197,-0.430384789868123,0,1,-0.877018963330137
0.1,original_static,mid,kt_rmse_3d_cm,-0.511689557354471,-0.411016532606486,0,1,-0.820854344066696
0.1,original_static,mid,rpy_std_deg,-1.73913496975806,-1.73628975970115,0,0,-3.19034490102807
0.1,original_static,mid,visual_dispersion_3d_cm,-0.322514373599631,-0.322514373599631,0,0,-0.731773828694545
0.1,original_static,mid,vk_rmse_3d_cm,0.0296075042685039,0.184350955330834,3,4,-0.712621172668304
0.1,original_static,mid,vt_rmse_3d_cm,0.0240309430134496,0.0240309430134496,3,3,-0.305122054985915
0.1,original_static,top,kalman_pos_std_3d_cm,1.17067083447739,1.21761427483148,5,5,0.831550155564787
0.1,original_static,top,kt_rmse_3d_cm,0.867116158787696,0.913337084819807,5,5,0.57639986461511
0.1,original_static,top,rpy_std_deg,4.08485156352968,4.0965676036762,5,5,2.63047917277654
0.1,original_static,top,visual_dispersion_3d_cm,2.04665392914509,2.04665392914509,5,5,1.40550763974135
0.1,original_static,top,vk_rmse_3d_cm,1.78670815915584,1.87848089012005,5,5,0.565208682233213
0.1,original_static,top,vt_rmse_3d_cm,1.78267676670681,1.78267676670681,5,5,0.878274031907142
0.15,attitude_absolute,bot,kalman_pos_std_3d_cm,0.408975964395522,0.421981150998015,4,4,-0.10237783758811
0.15,attitude_absolute,bot,kt_rmse_3d_cm,0.423315665854079,0.44160049096738,4,5,-0.024156779769934
0.15,attitude_absolute,bot,rpy_std_deg,0.665103514543395,0.670932622998637,5,5,0.253794677290718
0.15,attitude_absolute,bot,visual_dispersion_3d_cm,0.379709412440417,0.474865452057236,5,5,0.100162025766326
0.15,attitude_absolute,bot,vk_rmse_3d_cm,0.377397201844975,0.448471913877106,5,5,0.0314848644465209
0.15,attitude_absolute,bot,vt_rmse_3d_cm,0.447909866547766,0.533986888367841,5,5,0.124001512869998
0.15,attitude_absolute,mid,kalman_pos_std_3d_cm,-0.555880857364717,-0.406582533510804,0,1,-0.881207984881037
0.15,attitude_absolute,mid,kt_rmse_3d_cm,-0.53165414953147,-0.38798697466722,0,1,-0.826487287723115
0.15,attitude_absolute,mid,rpy_std_deg,-1.74276535867278,-1.73628975970115,0,0,-3.19571350959248
0.15,attitude_absolute,mid,visual_dispersion_3d_cm,-0.273754845638128,-0.201819009190894,1,2,-0.759883558001273
0.15,attitude_absolute,mid,vk_rmse_3d_cm,0.566904354439252,0.911447257259514,5,5,0.329374858487197
0.15,attitude_absolute,mid,vt_rmse_3d_cm,0.118479479588515,0.175510897217414,2,3,-0.29400731985359
0.15,attitude_absolute,top,kalman_pos_std_3d_cm,1.15657348651477,1.22931115180901,5,5,0.814922144147693
0.15,attitude_absolute,top,kt_rmse_3d_cm,0.852680217869133,0.924655847896674,5,5,0.560242660965417
0.15,attitude_absolute,top,rpy_std_deg,4.08161225001337,4.09959221445144,5,5,2.62403159682886
0.15,attitude_absolute,top,visual_dispersion_3d_cm,1.50721411635091,1.85945579061807,5,5,1.12802430098716
0.15,attitude_absolute,top,vk_rmse_3d_cm,0.855020551021327,1.46624178875189,5,5,0.717075287798762
0.15,attitude_absolute,top,vt_rmse_3d_cm,0.947602213781269,1.34990103526972,5,5,0.603111356136947
0.15,attitude_run_centered,bot,kalman_pos_std_3d_cm,0.408975964395522,0.421981150998015,4,4,-0.10237783758811
0.15,attitude_run_centered,bot,kt_rmse_3d_cm,0.423315665854079,0.44160049096738,4,5,-0.024156779769934
0.15,attitude_run_centered,bot,rpy_std_deg,0.665103514543395,0.670932622998637,5,5,0.253794677290718
0.15,attitude_run_centered,bot,visual_dispersion_3d_cm,0.37972410172889,0.474750219302813,5,5,0.100008291224821
0.15,attitude_run_centered,bot,vk_rmse_3d_cm,0.370082991131377,0.441763296318048,4,5,-0.000389738529262385
0.15,attitude_run_centered,bot,vt_rmse_3d_cm,0.444564721413672,0.529910415123855,5,5,0.110375704354954
0.15,attitude_run_centered,mid,kalman_pos_std_3d_cm,-0.555880857364717,-0.406582533510804,0,1,-0.881207984881037
0.15,attitude_run_centered,mid,kt_rmse_3d_cm,-0.53165414953147,-0.38798697466722,0,1,-0.826487287723115
0.15,attitude_run_centered,mid,rpy_std_deg,-1.74276535867278,-1.73628975970115,0,0,-3.19571350959248
0.15,attitude_run_centered,mid,visual_dispersion_3d_cm,-0.274250888805119,-0.202123467916139,1,2,-0.760101071267431
0.15,attitude_run_centered,mid,vk_rmse_3d_cm,0.581341364560281,0.925365012997796,5,5,0.25811154246958
0.15,attitude_run_centered,mid,vt_rmse_3d_cm,0.123592085899565,0.184436922436297,2,3,-0.301532980676283
0.15,attitude_run_centered,top,kalman_pos_std_3d_cm,1.15657348651477,1.22931115180901,5,5,0.814922144147693
0.15,attitude_run_centered,top,kt_rmse_3d_cm,0.852680217869133,0.924655847896674,5,5,0.560242660965417
0.15,attitude_run_centered,top,rpy_std_deg,4.08161225001337,4.09959221445144,5,5,2.62403159682886
0.15,attitude_run_centered,top,visual_dispersion_3d_cm,1.50704676111475,1.85939209342626,5,5,1.12697241784228
0.15,attitude_run_centered,top,vk_rmse_3d_cm,0.839182995673671,1.44357205734907,5,5,0.69466572536107
0.15,attitude_run_centered,top,vt_rmse_3d_cm,0.933579015273617,1.33183067651796,5,5,0.575165418041101
0.15,original_static,bot,kalman_pos_std_3d_cm,0.408975964395522,0.421981150998015,4,4,-0.10237783758811
0.15,original_static,bot,kt_rmse_3d_cm,0.423315665854079,0.44160049096738,4,5,-0.024156779769934
0.15,original_static,bot,rpy_std_deg,0.665103514543395,0.670932622998637,5,5,0.253794677290718
0.15,original_static,bot,visual_dispersion_3d_cm,0.577162761633503,0.577162761633503,5,5,0.314801654244595
0.15,original_static,bot,vk_rmse_3d_cm,0.495780354638562,0.674357318227784,5,5,0.0875411310316951
0.15,original_static,bot,vt_rmse_3d_cm,0.651534656833915,0.651534656833915,5,5,0.395924085449236
0.15,original_static,mid,kalman_pos_std_3d_cm,-0.555880857364717,-0.406582533510804,0,1,-0.881207984881037
0.15,original_static,mid,kt_rmse_3d_cm,-0.53165414953147,-0.38798697466722,0,1,-0.826487287723115
0.15,original_static,mid,rpy_std_deg,-1.74276535867278,-1.73628975970115,0,0,-3.19571350959248
0.15,original_static,mid,visual_dispersion_3d_cm,-0.322514373599631,-0.322514373599631,0,0,-0.731773828694545
0.15,original_static,mid,vk_rmse_3d_cm,-0.0250576681628804,0.20017520310198,3,4,-0.804162332730719
0.15,original_static,mid,vt_rmse_3d_cm,0.0240309430134496,0.0240309430134496,3,3,-0.305122054985915
0.15,original_static,top,kalman_pos_std_3d_cm,1.15657348651477,1.22931115180901,5,5,0.814922144147693
0.15,original_static,top,kt_rmse_3d_cm,0.852680217869133,0.924655847896674,5,5,0.560242660965417
0.15,original_static,top,rpy_std_deg,4.08161225001337,4.09959221445144,5,5,2.62403159682886
0.15,original_static,top,visual_dispersion_3d_cm,2.04665392914509,2.04665392914509,5,5,1.40550763974135
0.15,original_static,top,vk_rmse_3d_cm,1.78670815915584,1.93990291778073,5,5,0.565208682233213
0.15,original_static,top,vt_rmse_3d_cm,1.78267676670681,1.78267676670681,5,5,0.878274031907142
0.2,attitude_absolute,bot,kalman_pos_std_3d_cm,0.408975964395522,0.426360614512294,4,4,-0.10237783758811
0.2,attitude_absolute,bot,kt_rmse_3d_cm,0.423315665854079,0.446397065622974,4,5,-0.024156779769934
0.2,attitude_absolute,bot,rpy_std_deg,0.663219888811496,0.671603245599052,5,5,0.253058052822577
0.2,attitude_absolute,bot,visual_dispersion_3d_cm,0.379709412440417,0.486081676705139,5,5,0.100162025766326
0.2,attitude_absolute,bot,vk_rmse_3d_cm,0.377397201844975,0.487592874854285,5,5,0.0314848644465209
0.2,attitude_absolute,bot,vt_rmse_3d_cm,0.445721560438054,0.542003461546128,5,5,0.124001512869998
0.2,attitude_absolute,mid,kalman_pos_std_3d_cm,-0.578102849836256,-0.389386845130995,0,2,-0.882914715580223
0.2,attitude_absolute,mid,kt_rmse_3d_cm,-0.552677226455354,-0.371453116000392,0,2,-0.828914680999012
0.2,attitude_absolute,mid,rpy_std_deg,-1.75028482873902,-1.73628975970115,0,0,-3.20145407177398
0.2,attitude_absolute,mid,visual_dispersion_3d_cm,-0.313083966782717,-0.201819009190894,1,2,-0.87397055043432
0.2,attitude_absolute,mid,vk_rmse_3d_cm,0.441523842066391,0.911447257259514,5,5,0.172662309872079
0.2,attitude_absolute,mid,vt_rmse_3d_cm,0.0801733306227314,0.175510897217414,2,3,-0.407114671643432
0.2,attitude_absolute,top,kalman_pos_std_3d_cm,1.14626199204044,1.2425065801747,5,5,0.802764637471293
0.2,attitude_absolute,top,kt_rmse_3d_cm,0.841919717414185,0.937715133070757,5,5,0.54932749295304
0.2,attitude_absolute,top,rpy_std_deg,4.077992334659,4.09993787460361,5,5,2.61820410871576
0.2,attitude_absolute,top,visual_dispersion_3d_cm,1.50721411635091,2.00899214845788,5,5,1.12802430098716
0.2,attitude_absolute,top,vk_rmse_3d_cm,0.855020551021327,1.69742536548904,5,5,0.717075287798762
0.2,attitude_absolute,top,vt_rmse_3d_cm,0.947602213781269,1.50570384942795,5,5,0.603111356136947
0.2,attitude_run_centered,bot,kalman_pos_std_3d_cm,0.408975964395522,0.426360614512294,4,4,-0.10237783758811
0.2,attitude_run_centered,bot,kt_rmse_3d_cm,0.423315665854079,0.446397065622974,4,5,-0.024156779769934
0.2,attitude_run_centered,bot,rpy_std_deg,0.663219888811496,0.671603245599052,5,5,0.253058052822577
0.2,attitude_run_centered,bot,visual_dispersion_3d_cm,0.37972410172889,0.485943479325746,5,5,0.100008291224821
0.2,attitude_run_centered,bot,vk_rmse_3d_cm,0.370082991131377,0.481110900752535,4,5,-0.000389738529262385
0.2,attitude_run_centered,bot,vt_rmse_3d_cm,0.442442660214956,0.537926050732387,5,5,0.110375704354954
0.2,attitude_run_centered,mid,kalman_pos_std_3d_cm,-0.578102849836256,-0.389386845130995,0,2,-0.882914715580223
0.2,attitude_run_centered,mid,kt_rmse_3d_cm,-0.552677226455354,-0.371453116000392,0,2,-0.828914680999012
0.2,attitude_run_centered,mid,rpy_std_deg,-1.75028482873902,-1.73628975970115,0,0,-3.20145407177398
0.2,attitude_run_centered,mid,visual_dispersion_3d_cm,-0.313616568417611,-0.202123467916139,1,2,-0.874280303582496
0.2,attitude_run_centered,mid,vk_rmse_3d_cm,0.455423477453793,0.925365012997796,5,5,0.125030408805968
0.2,attitude_run_centered,mid,vt_rmse_3d_cm,0.083943818260907,0.184436922436297,2,3,-0.409786119487842
0.2,attitude_run_centered,top,kalman_pos_std_3d_cm,1.14626199204044,1.2425065801747,5,5,0.802764637471293
0.2,attitude_run_centered,top,kt_rmse_3d_cm,0.841919717414185,0.937715133070757,5,5,0.54932749295304
0.2,attitude_run_centered,top,rpy_std_deg,4.077992334659,4.09993787460361,5,5,2.61820410871576
0.2,attitude_run_centered,top,visual_dispersion_3d_cm,1.50704676111475,2.008946043472,5,5,1.12697241784228
0.2,attitude_run_centered,top,vk_rmse_3d_cm,0.839182995673671,1.67233216951998,5,5,0.69466572536107
0.2,attitude_run_centered,top,vt_rmse_3d_cm,0.933579015273617,1.48562188293516,5,5,0.575165418041101
0.2,original_static,bot,kalman_pos_std_3d_cm,0.408975964395522,0.426360614512294,4,4,-0.10237783758811
0.2,original_static,bot,kt_rmse_3d_cm,0.423315665854079,0.446397065622974,4,5,-0.024156779769934
0.2,original_static,bot,rpy_std_deg,0.663219888811496,0.671603245599052,5,5,0.253058052822577
0.2,original_static,bot,visual_dispersion_3d_cm,0.577162761633503,0.577162761633503,5,5,0.314801654244595
0.2,original_static,bot,vk_rmse_3d_cm,0.490301266429206,0.719498050949562,5,5,0.0524989769856226
0.2,original_static,bot,vt_rmse_3d_cm,0.651534656833915,0.651534656833915,5,5,0.395924085449236
0.2,original_static,mid,kalman_pos_std_3d_cm,-0.578102849836256,-0.389386845130995,0,2,-0.882914715580223
0.2,original_static,mid,kt_rmse_3d_cm,-0.552677226455354,-0.371453116000392,0,2,-0.828914680999012
0.2,original_static,mid,rpy_std_deg,-1.75028482873902,-1.73628975970115,0,0,-3.20145407177398
0.2,original_static,mid,visual_dispersion_3d_cm,-0.322514373599631,-0.322514373599631,0,0,-0.731773828694545
0.2,original_static,mid,vk_rmse_3d_cm,-0.0836018830061676,0.20017520310198,3,4,-0.89372546777998
0.2,original_static,mid,vt_rmse_3d_cm,0.0240309430134496,0.0240309430134496,3,3,-0.305122054985915
0.2,original_static,top,kalman_pos_std_3d_cm,1.14626199204044,1.2425065801747,5,5,0.802764637471293
0.2,original_static,top,kt_rmse_3d_cm,0.841919717414185,0.937715133070757,5,5,0.54932749295304
0.2,original_static,top,rpy_std_deg,4.077992334659,4.09993787460361,5,5,2.61820410871576
0.2,original_static,top,visual_dispersion_3d_cm,2.04665392914509,2.04665392914509,5,5,1.40550763974135
0.2,original_static,top,vk_rmse_3d_cm,1.78670815915584,2.01023175247468,5,5,0.565208682233213
0.2,original_static,top,vt_rmse_3d_cm,1.78267676670681,1.78267676670681,5,5,0.878274031907142
