shift_s,mode,route,metric,compared_mean,reference_mean,mean_difference,sd_difference,positive_flights,min_difference
-0.2,attitude_absolute,bot,vt_rmse_3d_cm,4.25535398466732,3.71335052312119,0.542003461546128,0.208257703676866,5,0.344874906793386
-0.2,attitude_absolute,bot,visual_dispersion_3d_cm,3.0752693224419,2.58918764573676,0.486081676705139,0.229800479978989,5,0.205291699621829
-0.2,attitude_absolute,bot,vk_rmse_3d_cm,3.61754512518126,3.22564291255655,0.391902212624706,0.339431580524321,5,0.0841002892729024
-0.2,attitude_absolute,bot,kt_rmse_3d_cm,2.9641903027921,2.51779323716913,0.446397065622974,0.36834580563165,5,0.0358329741136059
-0.2,attitude_absolute,bot,kalman_pos_std_3d_cm,2.75917681497637,2.33281620046408,0.426360614512294,0.406761545434302,4,-0.0361257449136403
-0.2,attitude_absolute,bot,rpy_std_deg,4.73201896286056,4.06879907404906,0.663219888811496,0.291875144293263,5,0.253058052822577
-0.2,attitude_absolute,mid,vt_rmse_3d_cm,3.63876786322384,3.5585945326011,0.0801733306227314,0.402432282997027,3,-0.407114671643432
-0.2,attitude_absolute,mid,visual_dispersion_3d_cm,3.11062466824944,3.42370863503216,-0.313083966782717,0.420008891874308,1,-0.87397055043432
-0.2,attitude_absolute,mid,vk_rmse_3d_cm,3.27597976756638,2.45282001494679,0.823159752619588,0.370656794128492,5,0.556961121626555
-0.2,attitude_absolute,mid,kt_rmse_3d_cm,2.58946079199849,2.96091390799888,-0.371453116000392,0.406283151766032,2,-0.766855980207416
-0.2,attitude_absolute,mid,kalman_pos_std_3d_cm,2.5299787490919,2.9193655942229,-0.389386845130995,0.422570234368987,2,-0.8274538737889
-0.2,attitude_absolute,mid,rpy_std_deg,4.71041695275304,6.46070178149206,-1.75028482873902,0.893014401099002,0,-3.15849853036599
-0.2,attitude_absolute,top,vt_rmse_3d_cm,4.58598402961909,3.57185632700683,1.01412770261226,0.280570982699322,5,0.70435415194815
-0.2,attitude_absolute,top,visual_dispersion_3d_cm,3.74332802662522,2.1445604906877,1.59876753593751,0.361445519067474,5,1.14332024614124
-0.2,attitude_absolute,top,vk_rmse_3d_cm,3.87773805091607,2.91331754053234,0.96442051038373,0.159842782099068,5,0.819584012327989
-0.2,attitude_absolute,top,kt_rmse_3d_cm,3.23222391539721,2.39030419798303,0.841919717414185,0.298478481185838,5,0.54932749295304
-0.2,attitude_absolute,top,kalman_pos_std_3d_cm,3.21653419541732,2.07027220337689,1.14626199204044,0.33562496111672,5,0.802764637471293
-0.2,attitude_absolute,top,rpy_std_deg,8.97377511132993,4.87383723672632,4.09993787460361,0.986274315197996,5,2.61820410871576
-0.2,attitude_run_centered,bot,vt_rmse_3d_cm,4.26175805387454,3.72383200314215,0.537926050732387,0.207775548612486,5,0.333541007279129
-0.2,attitude_run_centered,bot,visual_dispersion_3d_cm,3.07508869570772,2.58914521638198,0.485943479325746,0.229668336587349,5,0.205200986572144
-0.2,attitude_run_centered,bot,vk_rmse_3d_cm,3.61162676375002,3.22680294357776,0.384823820172261,0.345626200067229,5,0.0523415229301105
-0.2,attitude_run_centered,bot,kt_rmse_3d_cm,2.9641903027921,2.51779323716913,0.446397065622974,0.36834580563165,5,0.0358329741136059
-0.2,attitude_run_centered,bot,kalman_pos_std_3d_cm,2.75917681497637,2.33281620046408,0.426360614512294,0.406761545434302,4,-0.0361257449136403
-0.2,attitude_run_centered,bot,rpy_std_deg,4.73201896286056,4.06879907404906,0.663219888811496,0.291875144293263,5,0.253058052822577
-0.2,attitude_run_centered,mid,vt_rmse_3d_cm,3.63305073042043,3.54910691215952,0.083943818260907,0.424784441316697,3,-0.409786119487842
-0.2,attitude_run_centered,mid,visual_dispersion_3d_cm,3.11057048640801,3.42418705482562,-0.313616568417611,0.419989895555734,1,-0.874280303582496
-0.2,attitude_run_centered,mid,vk_rmse_3d_cm,3.26830620366383,2.43479026132397,0.833515942339854,0.398595027054306,5,0.598677519245503
-0.2,attitude_run_centered,mid,kt_rmse_3d_cm,2.58946079199849,2.96091390799888,-0.371453116000392,0.406283151766032,2,-0.766855980207416
-0.2,attitude_run_centered,mid,kalman_pos_std_3d_cm,2.5299787490919,2.9193655942229,-0.389386845130995,0.422570234368987,2,-0.8274538737889
-0.2,attitude_run_centered,mid,rpy_std_deg,4.71041695275304,6.46070178149206,-1.75028482873902,0.893014401099002,0,-3.15849853036599
-0.2,attitude_run_centered,top,vt_rmse_3d_cm,4.73162139525716,3.73436188755821,0.997259507698945,0.292169724560536,5,0.67008449223993
-0.2,attitude_run_centered,top,visual_dispersion_3d_cm,3.74313355509761,2.14452435566447,1.59860919943313,0.361897575828365,5,1.1424248426799
-0.2,attitude_run_centered,top,vk_rmse_3d_cm,4.02763556208823,3.083520803179,0.944114758909226,0.160812036290261,5,0.789911269479334
-0.2,attitude_run_centered,top,kt_rmse_3d_cm,3.23222391539721,2.39030419798303,0.841919717414185,0.298478481185838,5,0.54932749295304
-0.2,attitude_run_centered,top,kalman_pos_std_3d_cm,3.21653419541732,2.07027220337689,1.14626199204044,0.33562496111672,5,0.802764637471293
-0.2,attitude_run_centered,top,rpy_std_deg,8.97377511132993,4.87383723672632,4.09993787460361,0.986274315197996,5,2.61820410871576
-0.2,original_static,bot,vt_rmse_3d_cm,4.65830620240105,4.00677154556714,0.651534656833915,0.400559030945538,5,0.395924085449236
-0.2,original_static,bot,visual_dispersion_3d_cm,3.57098482850612,2.99382206687262,0.577162761633503,0.164545297904483,5,0.314801654244595
-0.2,original_static,bot,vk_rmse_3d_cm,4.02402357230137,3.53372230587216,0.490301266429206,0.445503722521852,5,0.0524989769856226
-0.2,original_static,bot,kt_rmse_3d_cm,2.9641903027921,2.51779323716913,0.446397065622974,0.36834580563165,5,0.0358329741136059
-0.2,original_static,bot,kalman_pos_std_3d_cm,2.75917681497637,2.33281620046408,0.426360614512294,0.406761545434302,4,-0.0361257449136403
-0.2,original_static,bot,rpy_std_deg,4.73201896286056,4.06879907404906,0.663219888811496,0.291875144293263,5,0.253058052822577
-0.2,original_static,mid,vt_rmse_3d_cm,4.31423644230236,4.29020549928891,0.0240309430134496,0.246911525775647,3,-0.305122054985915
-0.2,original_static,mid,visual_dispersion_3d_cm,3.86712386209602,4.18963823569565,-0.322514373599631,0.284674435072831,0,-0.731773828694545
-0.2,original_static,mid,vk_rmse_3d_cm,3.81031877144716,3.61053342074781,0.199785350699342,0.251311281875354,4,-0.217752654376128
-0.2,original_static,mid,kt_rmse_3d_cm,2.58946079199849,2.96091390799888,-0.371453116000392,0.406283151766032,2,-0.766855980207416
-0.2,original_static,mid,kalman_pos_std_3d_cm,2.5299787490919,2.9193655942229,-0.389386845130995,0.422570234368987,2,-0.8274538737889
-0.2,original_static,mid,rpy_std_deg,4.71041695275304,6.46070178149206,-1.75028482873902,0.893014401099002,0,-3.15849853036599
-0.2,original_static,top,vt_rmse_3d_cm,6.16678067485527,4.38410390814847,1.78267676670681,0.528884461169153,5,0.878274031907142
-0.2,original_static,top,visual_dispersion_3d_cm,5.4507944036629,3.40414047451781,2.04665392914509,0.461349648227481,5,1.40550763974135
-0.2,original_static,top,vk_rmse_3d_cm,5.50998248137875,3.67220127885807,1.83778120252068,0.719766105160521,5,0.681711178376958
-0.2,original_static,top,kt_rmse_3d_cm,3.23222391539721,2.39030419798303,0.841919717414185,0.298478481185838,5,0.54932749295304
-0.2,original_static,top,kalman_pos_std_3d_cm,3.21653419541732,2.07027220337689,1.14626199204044,0.33562496111672,5,0.802764637471293
-0.2,original_static,top,rpy_std_deg,8.97377511132993,4.87383723672632,4.09993787460361,0.986274315197996,5,2.61820410871576
-0.15,attitude_absolute,bot,vt_rmse_3d_cm,4.23385269110365,3.69986580273581,0.533986888367841,0.228337452430608,5,0.29377241734572
-0.15,attitude_absolute,bot,visual_dispersion_3d_cm,3.04578610389337,2.57092065183613,0.474865452057236,0.265503357515786,5,0.176049196559752
-0.15,attitude_absolute,bot,vk_rmse_3d_cm,3.51551419384988,3.12895500041138,0.386559193438503,0.339476094349897,5,0.052915049426145
-0.15,attitude_absolute,bot,kt_rmse_3d_cm,2.95962268805736,2.51802219708998,0.44160049096738,0.371649967270687,5,0.0148328763240295
-0.15,attitude_absolute,bot,kalman_pos_std_3d_cm,2.75482118641853,2.33284003542052,0.421981150998015,0.411410745750232,4,-0.060776476679504
-0.15,attitude_absolute,bot,rpy_std_deg,4.7332287660868,4.06812525154341,0.665103514543395,0.293845513118322,5,0.253794677290718
-0.15,attitude_absolute,mid,vt_rmse_3d_cm,3.61702243163835,3.49854295204983,0.118479479588515,0.375524599344993,3,-0.29400731985359
-0.15,attitude_absolute,mid,visual_dispersion_3d_cm,3.08583181760031,3.35958666323843,-0.273754845638128,0.386447638010981,1,-0.759883558001273
-0.15,attitude_absolute,mid,vk_rmse_3d_cm,3.22003512692973,2.33387185415383,0.886163272775904,0.334166545267066,5,0.655290383639521
-0.15,attitude_absolute,mid,kt_rmse_3d_cm,2.57293931667179,2.96092629133901,-0.38798697466722,0.385329889259593,1,-0.775985104614968
-0.15,attitude_absolute,mid,kalman_pos_std_3d_cm,2.51417829282844,2.92076082633924,-0.406582533510804,0.401444628246773,1,-0.835936641006782
-0.15,attitude_absolute,mid,rpy_std_deg,4.7102092202691,6.45297457894188,-1.74276535867278,0.893429400272184,0,-3.16158313721557
-0.15,attitude_absolute,top,vt_rmse_3d_cm,4.52100534950002,3.5572803883893,0.963724961110712,0.270009199782864,5,0.62928267013616
-0.15,attitude_absolute,top,visual_dispersion_3d_cm,3.65527171170943,2.11924661753792,1.5360250941715,0.337463418212628,5,1.12802430098716
-0.15,attitude_absolute,top,vk_rmse_3d_cm,3.74119538921402,2.86013075166596,0.881064637548052,0.153424556006241,5,0.73529485219404
-0.15,attitude_absolute,top,kt_rmse_3d_cm,3.23204460762671,2.37936438975758,0.852680217869133,0.29903603415281,5,0.560242660965417
-0.15,attitude_absolute,top,kalman_pos_std_3d_cm,3.21633910701166,2.05976562049688,1.15657348651477,0.333874498604754,5,0.814922144147693
-0.15,attitude_absolute,top,rpy_std_deg,8.97637582130311,4.87678360685166,4.09959221445144,0.983888150508571,5,2.62403159682886
-0.15,attitude_run_centered,bot,vt_rmse_3d_cm,4.24035240467832,3.71044198955447,0.529910415123855,0.227529977146905,5,0.279793466324944
-0.15,attitude_run_centered,bot,visual_dispersion_3d_cm,3.04559703022541,2.5708468109226,0.474750219302813,0.265373826427623,5,0.17594112493513
-0.15,attitude_run_centered,bot,vk_rmse_3d_cm,3.5097227466026,3.13031587329659,0.379406873306016,0.346789416638934,5,0.0209589966008887
-0.15,attitude_run_centered,bot,kt_rmse_3d_cm,2.95962268805736,2.51802219708998,0.44160049096738,0.371649967270687,5,0.0148328763240295
-0.15,attitude_run_centered,bot,kalman_pos_std_3d_cm,2.75482118641853,2.33284003542052,0.421981150998015,0.411410745750232,4,-0.060776476679504
-0.15,attitude_run_centered,bot,rpy_std_deg,4.7332287660868,4.06812525154341,0.665103514543395,0.293845513118322,5,0.253794677290718
-0.15,attitude_run_centered,mid,vt_rmse_3d_cm,3.6116191589918,3.48802707309224,0.123592085899565,0.400719446578697,3,-0.294992524629076
-0.15,attitude_run_centered,mid,visual_dispersion_3d_cm,3.08577552990341,3.36002641870853,-0.274250888805119,0.386388962415926,1,-0.760101071267431
-0.15,attitude_run_centered,mid,vk_rmse_3d_cm,3.21280834244617,2.31438074253756,0.898427599908603,0.363939390693013,5,0.700077815919183
-0.15,attitude_run_centered,mid,kt_rmse_3d_cm,2.57293931667179,2.96092629133901,-0.38798697466722,0.385329889259593,1,-0.775985104614968
-0.15,attitude_run_centered,mid,kalman_pos_std_3d_cm,2.51417829282844,2.92076082633924,-0.406582533510804,0.401444628246773,1,-0.835936641006782
-0.15,attitude_run_centered,mid,rpy_std_deg,4.7102092202691,6.45297457894188,-1.74276535867278,0.893429400272184,0,-3.16158313721557
-0.15,attitude_run_centered,top,vt_rmse_3d_cm,4.66926346099977,3.72061436836783,0.948649092631931,0.281156417173236,5,0.598537129880683
-0.15,attitude_run_centered,top,visual_dispersion_3d_cm,3.65504243923782,2.11919356235232,1.5358488768855,0.337957321691847,5,1.12697241784228
-0.15,attitude_run_centered,top,vk_rmse_3d_cm,3.89624251905551,3.03261370908791,0.863628809967601,0.151183937025856,5,0.709826074317503
-0.15,attitude_run_centered,top,kt_rmse_3d_cm,3.23204460762671,2.37936438975758,0.852680217869133,0.29903603415281,5,0.560242660965417
-0.15,attitude_run_centered,top,kalman_pos_std_3d_cm,3.21633910701166,2.05976562049688,1.15657348651477,0.333874498604754,5,0.814922144147693
-0.15,attitude_run_centered,top,rpy_std_deg,8.97637582130311,4.87678360685166,4.09959221445144,0.983888150508571,5,2.62403159682886
-0.15,original_static,bot,vt_rmse_3d_cm,4.65830620240105,4.00677154556714,0.651534656833915,0.400559030945538,5,0.395924085449236
-0.15,original_static,bot,visual_dispersion_3d_cm,3.57098482850612,2.99382206687262,0.577162761633503,0.164545297904483,5,0.314801654244595
-0.15,original_static,bot,vk_rmse_3d_cm,3.95823563391581,3.46245527927725,0.495780354638562,0.453418960831262,5,0.0875411310316951
-0.15,original_static,bot,kt_rmse_3d_cm,2.95962268805736,2.51802219708998,0.44160049096738,0.371649967270687,5,0.0148328763240295
-0.15,original_static,bot,kalman_pos_std_3d_cm,2.75482118641853,2.33284003542052,0.421981150998015,0.411410745750232,4,-0.060776476679504
-0.15,original_static,bot,rpy_std_deg,4.7332287660868,4.06812525154341,0.665103514543395,0.293845513118322,5,0.253794677290718
-0.15,original_static,mid,vt_rmse_3d_cm,4.31423644230236,4.29020549928891,0.0240309430134496,0.246911525775647,3,-0.305122054985915
-0.15,original_static,mid,visual_dispersion_3d_cm,3.86712386209602,4.18963823569565,-0.322514373599631,0.284674435072831,0,-0.731773828694545
-0.15,original_static,mid,vk_rmse_3d_cm,3.77779226637145,3.57761706326947,0.20017520310198,0.279227686787735,4,-0.277819045734082
-0.15,original_static,mid,kt_rmse_3d_cm,2.57293931667179,2.96092629133901,-0.38798697466722,0.385329889259593,1,-0.775985104614968
-0.15,original_static,mid,kalman_pos_std_3d_cm,2.51417829282844,2.92076082633924,-0.406582533510804,0.401444628246773,1,-0.835936641006782
-0.15,original_static,mid,rpy_std_deg,4.7102092202691,6.45297457894188,-1.74276535867278,0.893429400272184,0,-3.16158313721557
-0.15,original_static,top,vt_rmse_3d_cm,6.16678067485527,4.38410390814847,1.78267676670681,0.528884461169153,5,0.878274031907142
-0.15,original_static,top,visual_dispersion_3d_cm,5.4507944036629,3.40414047451781,2.04665392914509,0.461349648227481,5,1.40550763974135
-0.15,original_static,top,vk_rmse_3d_cm,5.45190287776619,3.64690324133232,1.80499963643387,0.722287299354769,5,0.63241685115137
-0.15,original_static,top,kt_rmse_3d_cm,3.23204460762671,2.37936438975758,0.852680217869133,0.29903603415281,5,0.560242660965417
-0.15,original_static,top,kalman_pos_std_3d_cm,3.21633910701166,2.05976562049688,1.15657348651477,0.333874498604754,5,0.814922144147693
-0.15,original_static,top,rpy_std_deg,8.97637582130311,4.87678360685166,4.09959221445144,0.983888150508571,5,2.62403159682886
-0.1,attitude_absolute,bot,vt_rmse_3d_cm,4.22089413745073,3.70014721338553,0.520746924065196,0.252738460232827,5,0.235267544797122
-0.1,attitude_absolute,bot,visual_dispersion_3d_cm,3.02825390528851,2.57093542087378,0.457318484414732,0.295637122017801,5,0.146051820260404
-0.1,attitude_absolute,bot,vk_rmse_3d_cm,3.44906755313891,3.06825835038816,0.380809202750752,0.349628263266956,5,0.0361003796401755
-0.1,attitude_absolute,bot,kt_rmse_3d_cm,2.95702624665746,2.5197611782793,0.437265068378155,0.377547324051867,4,-0.00167561628803714
-0.1,attitude_absolute,bot,kalman_pos_std_3d_cm,2.75293285175137,2.33508849172856,0.417844360022814,0.418452566600671,4,-0.0797257637748103
-0.1,attitude_absolute,bot,rpy_std_deg,4.73503089755754,4.06772420095538,0.667306696602165,0.295301713295124,5,0.255244597176611
-0.1,attitude_absolute,mid,vt_rmse_3d_cm,3.60219605933075,3.4574485545568,0.144747504773952,0.358760400761608,3,-0.199120433781514
-0.1,attitude_absolute,mid,visual_dispersion_3d_cm,3.07100156987825,3.3156366187465,-0.244635048868241,0.362859542078564,1,-0.658662540980722
-0.1,attitude_absolute,mid,vk_rmse_3d_cm,3.18357551543536,2.27212825817584,0.911447257259514,0.306329988308295,5,0.704204218074485
-0.1,attitude_absolute,mid,kt_rmse_3d_cm,2.55479276176817,2.96580929437465,-0.411016532606486,0.36402981145164,1,-0.785113589062196
-0.1,attitude_absolute,mid,kalman_pos_std_3d_cm,2.49658784251447,2.92697263238259,-0.430384789868123,0.380240278953183,1,-0.844861812453692
-0.1,attitude_absolute,mid,rpy_std_deg,4.70935830334038,6.44849327309845,-1.73913496975806,0.892598340370175,0,-3.16545833529333
-0.1,attitude_absolute,top,vt_rmse_3d_cm,4.50351197853447,3.5559097647532,0.947602213781269,0.266352489567981,5,0.603111356136947
-0.1,attitude_absolute,top,visual_dispersion_3d_cm,3.62320350967149,2.11598939332058,1.50721411635091,0.328202982163566,5,1.14226176220506
-0.1,attitude_absolute,top,vk_rmse_3d_cm,3.68825144096393,2.8332308899426,0.855020551021327,0.162273650661405,5,0.717075287798762
-0.1,attitude_absolute,top,kt_rmse_3d_cm,3.23579409192932,2.36867793314162,0.867116158787696,0.30463114784357,5,0.57639986461511
-0.1,attitude_absolute,top,kalman_pos_std_3d_cm,3.22025543072141,2.04958459624403,1.17067083447739,0.338497980191312,5,0.831550155564787
-0.1,attitude_absolute,top,rpy_std_deg,8.97804511535484,4.88147751167864,4.0965676036762,0.981407478239622,5,2.63047917277654
-0.1,attitude_run_centered,bot,vt_rmse_3d_cm,4.22755477735038,3.71081783554902,0.516736941801356,0.25200632282369,5,0.221240653257519
-0.1,attitude_run_centered,bot,visual_dispersion_3d_cm,3.02806963639794,2.57084219341964,0.457227442978299,0.295515471928121,5,0.145908861403502
-0.1,attitude_run_centered,bot,vk_rmse_3d_cm,3.44341197482776,3.0699290397025,0.373482935125255,0.357819222770452,5,0.00372354355758953
-0.1,attitude_run_centered,bot,kt_rmse_3d_cm,2.95702624665746,2.5197611782793,0.437265068378155,0.377547324051867,4,-0.00167561628803714
-0.1,attitude_run_centered,bot,kalman_pos_std_3d_cm,2.75293285175137,2.33508849172856,0.417844360022814,0.418452566600671,4,-0.0797257637748103
-0.1,attitude_run_centered,bot,rpy_std_deg,4.73503089755754,4.06772420095538,0.667306696602165,0.295301713295124,5,0.255244597176611
-0.1,attitude_run_centered,mid,vt_rmse_3d_cm,3.5971911301684,3.44613430835781,0.151056821810593,0.387784433650458,2,-0.198627509482872
-0.1,attitude_run_centered,mid,visual_dispersion_3d_cm,3.07094343850063,3.3160444995756,-0.245101061074963,0.362749375713009,1,-0.65882499965956
-0.1,attitude_run_centered,mid,vk_rmse_3d_cm,3.17690775432349,2.2515427413257,0.925365012997796,0.33830456944688,5,0.716791723654948
-0.1,attitude_run_centered,mid,kt_rmse_3d_cm,2.55479276176817,2.96580929437465,-0.411016532606486,0.36402981145164,1,-0.785113589062196
-0.1,attitude_run_centered,mid,kalman_pos_std_3d_cm,2.49658784251447,2.92697263238259,-0.430384789868123,0.380240278953183,1,-0.844861812453692
-0.1,attitude_run_centered,mid,rpy_std_deg,4.70935830334038,6.44849327309845,-1.73913496975806,0.892598340370175,0,-3.16545833529333
-0.1,attitude_run_centered,top,vt_rmse_3d_cm,4.65330175479875,3.71972273952513,0.933579015273617,0.276554798299862,5,0.575165418041101
-0.1,attitude_run_centered,top,visual_dispersion_3d_cm,3.62297887123193,2.11593211011718,1.50704676111475,0.328670192907697,5,1.14119491666676
-0.1,attitude_run_centered,top,vk_rmse_3d_cm,3.84624223538947,3.0070592397158,0.839182995673671,0.158295581836385,5,0.69466572536107
-0.1,attitude_run_centered,top,kt_rmse_3d_cm,3.23579409192932,2.36867793314162,0.867116158787696,0.30463114784357,5,0.57639986461511
-0.1,attitude_run_centered,top,kalman_pos_std_3d_cm,3.22025543072141,2.04958459624403,1.17067083447739,0.338497980191312,5,0.831550155564787
-0.1,attitude_run_centered,top,rpy_std_deg,8.97804511535484,4.88147751167864,4.0965676036762,0.981407478239622,5,2.63047917277654
-0.1,original_static,bot,vt_rmse_3d_cm,4.65830620240105,4.00677154556714,0.651534656833915,0.400559030945538,5,0.395924085449236
-0.1,original_static,bot,visual_dispersion_3d_cm,3.57098482850612,2.99382206687262,0.577162761633503,0.164545297904483,5,0.314801654244595
-0.1,original_static,bot,vk_rmse_3d_cm,3.9153631935144,3.40910082404819,0.50626236946621,0.468559471487663,5,0.137044284811771
-0.1,original_static,bot,kt_rmse_3d_cm,2.95702624665746,2.5197611782793,0.437265068378155,0.377547324051867,4,-0.00167561628803714
-0.1,original_static,bot,kalman_pos_std_3d_cm,2.75293285175137,2.33508849172856,0.417844360022814,0.418452566600671,4,-0.0797257637748103
-0.1,original_static,bot,rpy_std_deg,4.73503089755754,4.06772420095538,0.667306696602165,0.295301713295124,5,0.255244597176611
-0.1,original_static,mid,vt_rmse_3d_cm,4.31423644230236,4.29020549928891,0.0240309430134496,0.246911525775647,3,-0.305122054985915
-0.1,original_static,mid,visual_dispersion_3d_cm,3.86712386209602,4.18963823569565,-0.322514373599631,0.284674435072831,0,-0.731773828694545
-0.1,original_static,mid,vk_rmse_3d_cm,3.7532090190624,3.56885806373157,0.184350955330834,0.315112066949257,4,-0.353158244651385
-0.1,original_static,mid,kt_rmse_3d_cm,2.55479276176817,2.96580929437465,-0.411016532606486,0.36402981145164,1,-0.785113589062196
-0.1,original_static,mid,kalman_pos_std_3d_cm,2.49658784251447,2.92697263238259,-0.430384789868123,0.380240278953183,1,-0.844861812453692
-0.1,original_static,mid,rpy_std_deg,4.70935830334038,6.44849327309845,-1.73913496975806,0.892598340370175,0,-3.16545833529333
-0.1,original_static,top,vt_rmse_3d_cm,6.16678067485527,4.38410390814847,1.78267676670681,0.528884461169153,5,0.878274031907142
-0.1,original_static,top,visual_dispersion_3d_cm,5.4507944036629,3.40414047451781,2.04665392914509,0.461349648227481,5,1.40550763974135
-0.1,original_static,top,vk_rmse_3d_cm,5.41714330186444,3.62911393300879,1.78802936885566,0.726331160146764,5,0.595768849310794
-0.1,original_static,top,kt_rmse_3d_cm,3.23579409192932,2.36867793314162,0.867116158787696,0.30463114784357,5,0.57639986461511
-0.1,original_static,top,kalman_pos_std_3d_cm,3.22025543072141,2.04958459624403,1.17067083447739,0.338497980191312,5,0.831550155564787
-0.1,original_static,top,rpy_std_deg,8.97804511535484,4.88147751167864,4.0965676036762,0.981407478239622,5,2.63047917277654
-0.05,attitude_absolute,bot,vt_rmse_3d_cm,4.21320124462946,3.71116676481898,0.502034479810475,0.271694521481784,5,0.181997847962386
-0.05,attitude_absolute,bot,visual_dispersion_3d_cm,3.02015897136841,2.58479789003593,0.435361081332488,0.31960877054614,5,0.124228122767019
-0.05,attitude_absolute,bot,vk_rmse_3d_cm,3.42340830816026,3.04601110631529,0.377397201844975,0.356937364471072,5,0.0314848644465209
-0.05,attitude_absolute,bot,kt_rmse_3d_cm,2.95085627062493,2.52290481174879,0.427951458876139,0.371511953962418,4,-0.0052063997449534
-0.05,attitude_absolute,bot,kalman_pos_std_3d_cm,2.74803944326579,2.33782608872626,0.410213354539531,0.412194898385716,4,-0.0830103805124076
-0.05,attitude_absolute,bot,rpy_std_deg,4.73643482048629,4.06747515233915,0.668959668147135,0.296445741966037,5,0.25687719684812
-0.05,attitude_absolute,mid,vt_rmse_3d_cm,3.60075203284427,3.435399959807,0.165352073037268,0.351531755790738,3,-0.139101585560858
-0.05,attitude_absolute,mid,visual_dispersion_3d_cm,3.07074829586907,3.29128870833191,-0.220540412462836,0.348774315413297,1,-0.56508639729343
-0.05,attitude_absolute,mid,vk_rmse_3d_cm,3.16933188892734,2.26343992296931,0.905891965958028,0.288725443362846,5,0.714689237309557
-0.05,attitude_absolute,mid,kt_rmse_3d_cm,2.53632081293328,2.97239471939406,-0.43607390646078,0.344985230946445,1,-0.79502224531587
-0.05,attitude_absolute,mid,kalman_pos_std_3d_cm,2.47849246549504,2.93480360557206,-0.456311140077015,0.360928736040592,1,-0.8538735111409
-0.05,attitude_absolute,mid,rpy_std_deg,4.70833606693824,6.44505759039937,-1.73672152346114,0.892370213602809,0,-3.17107697367002
-0.05,attitude_absolute,top,vt_rmse_3d_cm,4.53376660360505,3.56646679645015,0.9672998071549,0.268256067727614,5,0.61927614684854
-0.05,attitude_absolute,top,visual_dispersion_3d_cm,3.64590918296628,2.13287264014443,1.51303654282185,0.328150915003241,5,1.18238974798406
-0.05,attitude_absolute,top,vk_rmse_3d_cm,3.72021560314232,2.83464210103873,0.885573502103591,0.17742505081495,5,0.76043285555887
-0.05,attitude_absolute,top,kt_rmse_3d_cm,3.23779043021226,2.35883829884582,0.878952131366442,0.308544735799786,5,0.587390503206724
-0.05,attitude_absolute,top,kalman_pos_std_3d_cm,3.22274453513189,2.04007065059231,1.18267388453958,0.341689920143604,5,0.843337104042285
-0.05,attitude_absolute,top,rpy_std_deg,8.97946574274848,4.88579713134706,4.09366861140142,0.980902862940952,5,2.63271478862148
-0.05,attitude_run_centered,bot,vt_rmse_3d_cm,4.21999492932829,3.72186375116979,0.498131178158495,0.270978403294901,5,0.168051010353082
-0.05,attitude_run_centered,bot,visual_dispersion_3d_cm,3.01999657437713,2.58469907498014,0.435297499396993,0.319488759347823,5,0.124064937382808
-0.05,attitude_run_centered,bot,vk_rmse_3d_cm,3.4179330669729,3.04785007584152,0.370082991131377,0.366257013649609,4,-0.000389738529262385
-0.05,attitude_run_centered,bot,kt_rmse_3d_cm,2.95085627062493,2.52290481174879,0.427951458876139,0.371511953962418,4,-0.0052063997449534
-0.05,attitude_run_centered,bot,kalman_pos_std_3d_cm,2.74803944326579,2.33782608872626,0.410213354539531,0.412194898385716,4,-0.0830103805124076
-0.05,attitude_run_centered,bot,rpy_std_deg,4.73643482048629,4.06747515233915,0.668959668147135,0.296445741966037,5,0.25687719684812
-0.05,attitude_run_centered,mid,vt_rmse_3d_cm,3.59607965534027,3.4232836994317,0.172795955908574,0.384645577104053,2,-0.127178345269856
-0.05,attitude_run_centered,mid,visual_dispersion_3d_cm,3.07068978250949,3.29165181835365,-0.220962035844158,0.348612083376632,1,-0.565219929364311
-0.05,attitude_run_centered,mid,vk_rmse_3d_cm,3.16311154547067,2.24254345559072,0.920568089879945,0.322363603941226,5,0.696428415842527
-0.05,attitude_run_centered,mid,kt_rmse_3d_cm,2.53632081293328,2.97239471939406,-0.43607390646078,0.344985230946445,1,-0.79502224531587
-0.05,attitude_run_centered,mid,kalman_pos_std_3d_cm,2.47849246549504,2.93480360557206,-0.456311140077015,0.360928736040592,1,-0.8538735111409
-0.05,attitude_run_centered,mid,rpy_std_deg,4.70833606693824,6.44505759039937,-1.73672152346114,0.892370213602809,0,-3.17107697367002
-0.05,attitude_run_centered,top,vt_rmse_3d_cm,4.68404018162036,3.73026167942413,0.953778502196228,0.277384303187648,5,0.593246904851221
-0.05,attitude_run_centered,top,visual_dispersion_3d_cm,3.64570859914702,2.13282850439507,1.51288009475194,0.328627290845777,5,1.18121523949047
-0.05,attitude_run_centered,top,vk_rmse_3d_cm,3.87879280747061,3.00854483796517,0.870247969505437,0.173574648455211,5,0.739597475204265
-0.05,attitude_run_centered,top,kt_rmse_3d_cm,3.23779043021226,2.35883829884582,0.878952131366442,0.308544735799786,5,0.587390503206724
-0.05,attitude_run_centered,top,kalman_pos_std_3d_cm,3.22274453513189,2.04007065059231,1.18267388453958,0.341689920143604,5,0.843337104042285
-0.05,attitude_run_centered,top,rpy_std_deg,8.97946574274848,4.88579713134706,4.09366861140142,0.980902862940952,5,2.63271478862148
-0.05,original_static,bot,vt_rmse_3d_cm,4.65830620240105,4.00677154556714,0.651534656833915,0.400559030945538,5,0.395924085449236
-0.05,original_static,bot,visual_dispersion_3d_cm,3.57098482850612,2.99382206687262,0.577162761633503,0.164545297904483,5,0.314801654244595
-0.05,original_static,bot,vk_rmse_3d_cm,3.90233945797439,3.37466013708728,0.527679320887119,0.492406113536412,5,0.106428796504275
-0.05,original_static,bot,kt_rmse_3d_cm,2.95085627062493,2.52290481174879,0.427951458876139,0.371511953962418,4,-0.0052063997449534
-0.05,original_static,bot,kalman_pos_std_3d_cm,2.74803944326579,2.33782608872626,0.410213354539531,0.412194898385716,4,-0.0830103805124076
-0.05,original_static,bot,rpy_std_deg,4.73643482048629,4.06747515233915,0.668959668147135,0.296445741966037,5,0.25687719684812
-0.05,original_static,mid,vt_rmse_3d_cm,4.31423644230236,4.29020549928891,0.0240309430134496,0.246911525775647,3,-0.305122054985915
-0.05,original_static,mid,visual_dispersion_3d_cm,3.86712386209602,4.18963823569565,-0.322514373599631,0.284674435072831,0,-0.731773828694545
-0.05,original_static,mid,vk_rmse_3d_cm,3.73956084568381,3.57755325577477,0.162007589909046,0.356010418558869,4,-0.435644550842897
-0.05,original_static,mid,kt_rmse_3d_cm,2.53632081293328,2.97239471939406,-0.43607390646078,0.344985230946445,1,-0.79502224531587
-0.05,original_static,mid,kalman_pos_std_3d_cm,2.47849246549504,2.93480360557206,-0.456311140077015,0.360928736040592,1,-0.8538735111409
-0.05,original_static,mid,rpy_std_deg,4.70833606693824,6.44505759039937,-1.73672152346114,0.892370213602809,0,-3.17107697367002
-0.05,original_static,top,vt_rmse_3d_cm,6.16678067485527,4.38410390814847,1.78267676670681,0.528884461169153,5,0.878274031907142
-0.05,original_static,top,visual_dispersion_3d_cm,5.4507944036629,3.40414047451781,2.04665392914509,0.461349648227481,5,1.40550763974135
-0.05,original_static,top,vk_rmse_3d_cm,5.40633534639764,3.6196271872418,1.78670815915584,0.730873387760131,5,0.572924134025677
-0.05,original_static,top,kt_rmse_3d_cm,3.23779043021226,2.35883829884582,0.878952131366442,0.308544735799786,5,0.587390503206724
-0.05,original_static,top,kalman_pos_std_3d_cm,3.22274453513189,2.04007065059231,1.18267388453958,0.341689920143604,5,0.843337104042285
-0.05,original_static,top,rpy_std_deg,8.97946574274848,4.88579713134706,4.09366861140142,0.980902862940952,5,2.63271478862148
0,attitude_absolute,bot,vt_rmse_3d_cm,4.21439802982791,3.72837709070976,0.486020939118159,0.285047897591952,5,0.144097979462976
0,attitude_absolute,bot,visual_dispersion_3d_cm,3.02451107491746,2.60753224714646,0.416978827771001,0.332847997434926,5,0.110273071963664
0,attitude_absolute,bot,vk_rmse_3d_cm,3.43692956573191,3.05663869611242,0.380290869619494,0.349049434580808,5,0.0793293742702912
0,attitude_absolute,bot,kt_rmse_3d_cm,2.94496443101851,2.51983016251333,0.42513426850518,0.372820335405521,4,-0.024156779769934
0,attitude_absolute,bot,kalman_pos_std_3d_cm,2.74376856298832,2.33479259859279,0.408975964395522,0.413237081119507,4,-0.10237783758811
0,attitude_absolute,bot,rpy_std_deg,4.73719737305785,4.06722788467655,0.669969488381304,0.297144654503268,5,0.258905944508668
0,attitude_absolute,mid,vt_rmse_3d_cm,3.60890017158843,3.43338927437102,0.175510897217414,0.350985905535428,2,-0.149722116699484
0,attitude_absolute,mid,visual_dispersion_3d_cm,3.0811737830656,3.28769245018867,-0.206518667123075,0.342370736291988,2,-0.484053356802561
0,attitude_absolute,mid,vk_rmse_3d_cm,3.17819224385533,2.31761039346923,0.860581850386098,0.281992784905754,5,0.669694574884242
0,attitude_absolute,mid,kt_rmse_3d_cm,2.51827053604811,2.97838471073528,-0.460114174687169,0.332392037457623,0,-0.806427468208184
0,attitude_absolute,mid,kalman_pos_std_3d_cm,2.46067692955279,2.94192441718015,-0.481247487627359,0.348190669888911,1,-0.864347763329679
0,attitude_absolute,mid,rpy_std_deg,4.70667844648648,6.44367497422971,-1.73699652774323,0.891774086661748,0,-3.1774895274872
0,attitude_absolute,top,vt_rmse_3d_cm,4.60826996028255,3.58953594508896,1.01873401519359,0.273978511073606,5,0.684402895976769
0,attitude_absolute,top,visual_dispersion_3d_cm,3.72215432752603,2.16938335122772,1.55277097629831,0.33620580886479,5,1.24662122071679
0,attitude_absolute,top,vk_rmse_3d_cm,3.82808052369612,2.86292727867017,0.965153245025949,0.18781966276291,5,0.831297444653404
0,attitude_absolute,top,kt_rmse_3d_cm,3.23842388649778,2.34975840173453,0.888665484763244,0.311632763160004,5,0.598203769226714
0,attitude_absolute,top,kalman_pos_std_3d_cm,3.22383676111479,2.03133806288688,1.19249869822791,0.344448290666149,5,0.854662529776343
0,attitude_absolute,top,rpy_std_deg,8.98091888743412,4.88986060257013,4.09105828486399,0.980241127952254,5,2.63545737793053
0,attitude_run_centered,bot,vt_rmse_3d_cm,4.22131816936363,3.73901800018727,0.48230016917636,0.284388709721428,5,0.130551148355429
0,attitude_run_centered,bot,visual_dispersion_3d_cm,3.02437319371722,2.60742401676751,0.416949176949709,0.332725324366763,5,0.110123614400409
0,attitude_run_centered,bot,vk_rmse_3d_cm,3.43157158307791,3.05854591472973,0.373025668348182,0.357908106115951,5,0.0484186491384562
0,attitude_run_centered,bot,kt_rmse_3d_cm,2.94496443101851,2.51983016251333,0.42513426850518,0.372820335405521,4,-0.024156779769934
0,attitude_run_centered,bot,kalman_pos_std_3d_cm,2.74376856298832,2.33479259859279,0.408975964395522,0.413237081119507,4,-0.10237783758811
0,attitude_run_centered,bot,rpy_std_deg,4.73719737305785,4.06722788467655,0.669969488381304,0.297144654503268,5,0.258905944508668
0,attitude_run_centered,mid,vt_rmse_3d_cm,3.6045602053146,3.42035896327073,0.184201242043875,0.387430791257087,2,-0.137990632623683
0,attitude_run_centered,mid,visual_dispersion_3d_cm,3.08110085021565,3.28796647707503,-0.206865626859381,0.342184995858348,2,-0.484099016597151
0,attitude_run_centered,mid,vk_rmse_3d_cm,3.17243213047963,2.29682726935476,0.875604861124876,0.317041985721024,5,0.630217481150457
0,attitude_run_centered,mid,kt_rmse_3d_cm,2.51827053604811,2.97838471073528,-0.460114174687169,0.332392037457623,0,-0.806427468208184
0,attitude_run_centered,mid,kalman_pos_std_3d_cm,2.46067692955279,2.94192441718015,-0.481247487627359,0.348190669888911,1,-0.864347763329679
0,attitude_run_centered,mid,rpy_std_deg,4.70667844648648,6.44367497422971,-1.73699652774323,0.891774086661748,0,-3.1774895274872
0,attitude_run_centered,top,vt_rmse_3d_cm,4.75788826469407,3.75285002451581,1.00503824017825,0.282059184043483,5,0.659417348106362
0,attitude_run_centered,top,visual_dispersion_3d_cm,3.72200989850972,2.16935000374538,1.55265989476434,0.336651269352485,5,1.24550755096259
0,attitude_run_centered,top,vk_rmse_3d_cm,3.98495581838787,3.03582370736829,0.949132111019575,0.185606068687517,5,0.81750407069974
0,attitude_run_centered,top,kt_rmse_3d_cm,3.23842388649778,2.34975840173453,0.888665484763244,0.311632763160004,5,0.598203769226714
0,attitude_run_centered,top,kalman_pos_std_3d_cm,3.22383676111479,2.03133806288688,1.19249869822791,0.344448290666149,5,0.854662529776343
0,attitude_run_centered,top,rpy_std_deg,8.98091888743412,4.88986060257013,4.09105828486399,0.980241127952254,5,2.63545737793053
0,original_static,bot,vt_rmse_3d_cm,4.65830620240105,4.00677154556714,0.651534656833915,0.400559030945538,5,0.395924085449236
0,original_static,bot,visual_dispersion_3d_cm,3.57098482850612,2.99382206687262,0.577162761633503,0.164545297904483,5,0.314801654244595
0,original_static,bot,vk_rmse_3d_cm,3.9141681163867,3.36090015971134,0.55326795667535,0.494145992699183,5,0.105110693783844
0,original_static,bot,kt_rmse_3d_cm,2.94496443101851,2.51983016251333,0.42513426850518,0.372820335405521,4,-0.024156779769934
0,original_static,bot,kalman_pos_std_3d_cm,2.74376856298832,2.33479259859279,0.408975964395522,0.413237081119507,4,-0.10237783758811
0,original_static,bot,rpy_std_deg,4.73719737305785,4.06722788467655,0.669969488381304,0.297144654503268,5,0.258905944508668
0,original_static,mid,vt_rmse_3d_cm,4.31423644230236,4.29020549928891,0.0240309430134496,0.246911525775647,3,-0.305122054985915
0,original_static,mid,visual_dispersion_3d_cm,3.86712386209602,4.18963823569565,-0.322514373599631,0.284674435072831,0,-0.731773828694545
0,original_static,mid,vk_rmse_3d_cm,3.73704158937488,3.61007078092144,0.12697080845344,0.393448199010918,4,-0.525329589495404
0,original_static,mid,kt_rmse_3d_cm,2.51827053604811,2.97838471073528,-0.460114174687169,0.332392037457623,0,-0.806427468208184
0,original_static,mid,kalman_pos_std_3d_cm,2.46067692955279,2.94192441718015,-0.481247487627359,0.348190669888911,1,-0.864347763329679
0,original_static,mid,rpy_std_deg,4.70667844648648,6.44367497422971,-1.73699652774323,0.891774086661748,0,-3.1774895274872
0,original_static,top,vt_rmse_3d_cm,6.16678067485527,4.38410390814847,1.78267676670681,0.528884461169153,5,0.878274031907142
0,original_static,top,visual_dispersion_3d_cm,5.4507944036629,3.40414047451781,2.04665392914509,0.461349648227481,5,1.40550763974135
0,original_static,top,vk_rmse_3d_cm,5.41963899949316,3.61804636574887,1.80159263374429,0.735847704303382,5,0.565208682233213
0,original_static,top,kt_rmse_3d_cm,3.23842388649778,2.34975840173453,0.888665484763244,0.311632763160004,5,0.598203769226714
0,original_static,top,kalman_pos_std_3d_cm,3.22383676111479,2.03133806288688,1.19249869822791,0.344448290666149,5,0.854662529776343
0,original_static,top,rpy_std_deg,8.98091888743412,4.88986060257013,4.09105828486399,0.980241127952254,5,2.63545737793053
0.05,attitude_absolute,bot,vt_rmse_3d_cm,4.22865824233479,3.75719869248783,0.471459549846953,0.291413928565039,5,0.127983035193597
0.05,attitude_absolute,bot,visual_dispersion_3d_cm,3.04552616505931,2.64577333604309,0.399752829016219,0.335153445551151,5,0.100162025766326
0.05,attitude_absolute,bot,vk_rmse_3d_cm,3.49976994529613,3.10573855598056,0.394031389315568,0.350954591831633,5,0.151541244828735
0.05,attitude_absolute,bot,kt_rmse_3d_cm,2.94432767894277,2.51680690880779,0.427520770134985,0.372708391438833,4,-0.0241314927665313
0.05,attitude_absolute,bot,kalman_pos_std_3d_cm,2.74430119873214,2.33182353027664,0.412477668455499,0.412461042577174,4,-0.101435110307271
0.05,attitude_absolute,bot,rpy_std_deg,4.7380244955229,4.06742466315157,0.67059983237133,0.297831492304463,5,0.261071302182758
0.05,attitude_absolute,mid,vt_rmse_3d_cm,3.62547178704386,3.45103069097458,0.17444109606928,0.361864075930743,3,-0.165712774982405
0.05,attitude_absolute,mid,visual_dispersion_3d_cm,3.10356460271902,3.30538361190992,-0.201819009190894,0.349984917489982,2,-0.481697069233865
0.05,attitude_absolute,mid,vk_rmse_3d_cm,3.20905292909623,2.42673390376137,0.782319025334858,0.293990965121005,5,0.586228299140459
0.05,attitude_absolute,mid,kt_rmse_3d_cm,2.5007529113368,2.98794284391051,-0.48718993257371,0.322056121863207,0,-0.813065485570841
0.05,attitude_absolute,mid,kalman_pos_std_3d_cm,2.44339110614296,2.95274876156509,-0.509357655422127,0.337733578488247,0,-0.870221896971507
0.05,attitude_absolute,mid,rpy_std_deg,4.70529148428845,6.44170310443945,-1.736411620151,0.891416496889304,0,-3.18401104449778
0.05,attitude_absolute,top,vt_rmse_3d_cm,4.72598998290741,3.6262967995165,1.09969318339091,0.297480695988672,5,0.775315989872531
0.05,attitude_absolute,top,visual_dispersion_3d_cm,3.85204217765533,2.22811785717847,1.62392432047685,0.361697807203339,5,1.33521951797334
0.05,attitude_absolute,top,vk_rmse_3d_cm,4.0083913512426,2.91924287869897,1.08914847254363,0.219904006935919,5,0.865226120069011
0.05,attitude_absolute,top,kt_rmse_3d_cm,3.24450712481547,2.34139384595343,0.903113278862044,0.31476753024124,5,0.612617322994538
0.05,attitude_absolute,top,kalman_pos_std_3d_cm,3.23061021653656,2.02339622090583,1.20721399563073,0.347410336708223,5,0.869371596763273
0.05,attitude_absolute,top,rpy_std_deg,8.98248960019154,4.89548413257545,4.08700546761609,0.981946150281602,5,2.63531833809938
0.05,attitude_run_centered,bot,vt_rmse_3d_cm,4.23568755310427,3.76779607784149,0.467891475262773,0.290856624233343,5,0.11451283004597
0.05,attitude_run_centered,bot,visual_dispersion_3d_cm,3.045410527721,2.64566815263904,0.39974237508196,0.33503957314396,5,0.100008291224821
0.05,attitude_run_centered,bot,vk_rmse_3d_cm,3.49452342619345,3.10772666406631,0.386796762127146,0.359192772554689,5,0.125209480814582
0.05,attitude_run_centered,bot,kt_rmse_3d_cm,2.94432767894277,2.51680690880779,0.427520770134985,0.372708391438833,4,-0.0241314927665313
0.05,attitude_run_centered,bot,kalman_pos_std_3d_cm,2.74430119873214,2.33182353027664,0.412477668455499,0.412461042577174,4,-0.101435110307271
0.05,attitude_run_centered,bot,rpy_std_deg,4.7380244955229,4.06742466315157,0.67059983237133,0.297831492304463,5,0.261071302182758
0.05,attitude_run_centered,mid,vt_rmse_3d_cm,3.62177766555279,3.4373407431165,0.184436922436297,0.401312759032547,3,-0.16897233280196
0.05,attitude_run_centered,mid,visual_dispersion_3d_cm,3.10348311872903,3.30560658664516,-0.202123467916139,0.349797974288351,2,-0.481284113230289
0.05,attitude_run_centered,mid,vk_rmse_3d_cm,3.20411221407414,2.4063366083494,0.797775605724743,0.329571690516353,5,0.519562142649879
0.05,attitude_run_centered,mid,kt_rmse_3d_cm,2.5007529113368,2.98794284391051,-0.48718993257371,0.322056121863207,0,-0.813065485570841
0.05,attitude_run_centered,mid,kalman_pos_std_3d_cm,2.44339110614296,2.95274876156509,-0.509357655422127,0.337733578488247,0,-0.870221896971507
0.05,attitude_run_centered,mid,rpy_std_deg,4.70529148428845,6.44170310443945,-1.736411620151,0.891416496889304,0,-3.18401104449778
0.05,attitude_run_centered,top,vt_rmse_3d_cm,4.8737249140551,3.78876056172024,1.08496435233486,0.304008150880771,5,0.750590045307361
0.05,attitude_run_centered,top,visual_dispersion_3d_cm,3.85194173155409,2.22811123464755,1.62383049690653,0.362079660420257,5,1.33416626016692
0.05,attitude_run_centered,top,vk_rmse_3d_cm,4.16138231871907,3.09005326137583,1.07132905734324,0.219958271529038,5,0.851693722606053
0.05,attitude_run_centered,top,kt_rmse_3d_cm,3.24450712481547,2.34139384595343,0.903113278862044,0.31476753024124,5,0.612617322994538
0.05,attitude_run_centered,top,kalman_pos_std_3d_cm,3.23061021653656,2.02339622090583,1.20721399563073,0.347410336708223,5,0.869371596763273
0.05,attitude_run_centered,top,rpy_std_deg,8.98248960019154,4.89548413257545,4.08700546761609,0.981946150281602,5,2.63531833809938
0.05,original_static,bot,vt_rmse_3d_cm,4.65830620240105,4.00677154556714,0.651534656833915,0.400559030945538,5,0.395924085449236
0.05,original_static,bot,visual_dispersion_3d_cm,3.57098482850612,2.99382206687262,0.577162761633503,0.164545297904483,5,0.314801654244595
0.05,original_static,bot,vk_rmse_3d_cm,3.9566642281555,3.36937582744243,0.587288400713071,0.499129410796135,5,0.0953656081363197
0.05,original_static,bot,kt_rmse_3d_cm,2.94432767894277,2.51680690880779,0.427520770134985,0.372708391438833,4,-0.0241314927665313
0.05,original_static,bot,kalman_pos_std_3d_cm,2.74430119873214,2.33182353027664,0.412477668455499,0.412461042577174,4,-0.101435110307271
0.05,original_static,bot,rpy_std_deg,4.7380244955229,4.06742466315157,0.67059983237133,0.297831492304463,5,0.261071302182758
0.05,original_static,mid,vt_rmse_3d_cm,4.31423644230236,4.29020549928891,0.0240309430134496,0.246911525775647,3,-0.305122054985915
0.05,original_static,mid,visual_dispersion_3d_cm,3.86712386209602,4.18963823569565,-0.322514373599631,0.284674435072831,0,-0.731773828694545
0.05,original_static,mid,vk_rmse_3d_cm,3.74532580027858,3.66713616604189,0.0781896342366897,0.424659364903888,3,-0.620033297556925
0.05,original_static,mid,kt_rmse_3d_cm,2.5007529113368,2.98794284391051,-0.48718993257371,0.322056121863207,0,-0.813065485570841
0.05,original_static,mid,kalman_pos_std_3d_cm,2.44339110614296,2.95274876156509,-0.509357655422127,0.337733578488247,0,-0.870221896971507
0.05,original_static,mid,rpy_std_deg,4.70529148428845,6.44170310443945,-1.736411620151,0.891416496889304,0,-3.18401104449778
0.05,original_static,top,vt_rmse_3d_cm,6.16678067485527,4.38410390814847,1.78267676670681,0.528884461169153,5,0.878274031907142
0.05,original_static,top,visual_dispersion_3d_cm,5.4507944036629,3.40414047451781,2.04665392914509,0.461349648227481,5,1.40550763974135
0.05,original_static,top,vk_rmse_3d_cm,5.4575650568667,3.62480661635054,1.83275844051617,0.743285723907387,5,0.572262760746301
0.05,original_static,top,kt_rmse_3d_cm,3.24450712481547,2.34139384595343,0.903113278862044,0.31476753024124,5,0.612617322994538
0.05,original_static,top,kalman_pos_std_3d_cm,3.23061021653656,2.02339622090583,1.20721399563073,0.347410336708223,5,0.869371596763273
0.05,original_static,top,rpy_std_deg,8.98248960019154,4.89548413257545,4.08700546761609,0.981946150281602,5,2.63531833809938
0.1,attitude_absolute,bot,vt_rmse_3d_cm,4.25468876395622,3.79925070798982,0.455438055966399,0.288944879890123,5,0.124001512869998
0.1,attitude_absolute,bot,visual_dispersion_3d_cm,3.08531131083864,2.69953144378125,0.385779867057387,0.326954262015604,5,0.10204782014326
0.1,attitude_absolute,bot,vk_rmse_3d_cm,3.61016474893431,3.19557467136601,0.414590077568302,0.352077422099681,5,0.0977683273341063
0.1,attitude_absolute,bot,kt_rmse_3d_cm,2.94242291260075,2.51910724674668,0.423315665854079,0.366283108188286,4,-0.0180928220697356
0.1,attitude_absolute,bot,kalman_pos_std_3d_cm,2.74324497985747,2.33357959826017,0.409665381597301,0.404876994631055,4,-0.0944202835490136
0.1,attitude_absolute,bot,rpy_std_deg,4.73812484429817,4.06746961507783,0.670655229220341,0.29914704842006,5,0.263403535308705
0.1,attitude_absolute,mid,vt_rmse_3d_cm,3.65832923175808,3.49162699405402,0.166702237704066,0.37584764176877,3,-0.180008720989008
0.1,attitude_absolute,mid,visual_dispersion_3d_cm,3.14267200646699,3.34843151405298,-0.205759507585987,0.36083136514689,2,-0.548297485138754
0.1,attitude_absolute,mid,vk_rmse_3d_cm,3.26817961805555,2.58433177493534,0.683847843120217,0.313230840488324,5,0.471503791178365
0.1,attitude_absolute,mid,kt_rmse_3d_cm,2.48360621144449,2.99529576879896,-0.511689557354471,0.316634890627019,0,-0.820854344066696
0.1,attitude_absolute,mid,kalman_pos_std_3d_cm,2.42630117015807,2.96129575525127,-0.534994585093197,0.332124815527056,0,-0.877018963330137
0.1,attitude_absolute,mid,rpy_std_deg,4.70371997714352,6.44000973684467,-1.73628975970115,0.891032204768444,0,-3.19034490102807
0.1,attitude_absolute,top,vt_rmse_3d_cm,4.88810608367126,3.67389558089346,1.2142105027778,0.329574832299485,5,0.901138429033796
0.1,attitude_absolute,top,visual_dispersion_3d_cm,4.03218145769025,2.30331132947993,1.72887012821032,0.392812494724426,5,1.37963357052593
0.1,attitude_absolute,top,vk_rmse_3d_cm,4.26058774778545,2.99871657374055,1.26187117404489,0.261278180469999,5,0.948696708767869
0.1,attitude_absolute,top,kt_rmse_3d_cm,3.24738415640777,2.33404707158797,0.913337084819807,0.316629100406539,5,0.621705803129468
0.1,attitude_absolute,top,kalman_pos_std_3d_cm,3.23408854301025,2.01647426817877,1.21761427483148,0.3491291268343,5,0.878307051772274
0.1,attitude_absolute,top,rpy_std_deg,8.98441837432888,4.8995668107992,4.08485156352968,0.982295002580228,5,2.63769782555963
0.1,attitude_run_centered,bot,vt_rmse_3d_cm,4.26166343234662,3.80975882710454,0.451904605242081,0.288558434412744,5,0.110375704354954
0.1,attitude_run_centered,bot,visual_dispersion_3d_cm,3.08521564978574,2.6994321745034,0.385783475282343,0.326862539015151,5,0.10192092467888
0.1,attitude_run_centered,bot,vk_rmse_3d_cm,3.60483772650452,3.19738628230123,0.407451444203293,0.359820911064069,5,0.0805214356800734
0.1,attitude_run_centered,bot,kt_rmse_3d_cm,2.94242291260075,2.51910724674668,0.423315665854079,0.366283108188286,4,-0.0180928220697356
0.1,attitude_run_centered,bot,kalman_pos_std_3d_cm,2.74324497985747,2.33357959826017,0.409665381597301,0.404876994631055,4,-0.0944202835490136
0.1,attitude_run_centered,bot,rpy_std_deg,4.73812484429817,4.06746961507783,0.670655229220341,0.29914704842006,5,0.263403535308705
0.1,attitude_run_centered,mid,vt_rmse_3d_cm,3.65514193758814,3.47764614197505,0.17749579561309,0.417820370890963,3,-0.23960129574973
0.1,attitude_run_centered,mid,visual_dispersion_3d_cm,3.14257744079836,3.34861005866664,-0.206032617868276,0.360662716744282,2,-0.547889569077177
0.1,attitude_run_centered,mid,vk_rmse_3d_cm,3.26397186873088,2.56530646914425,0.698665399586629,0.348211832472819,5,0.390750371120468
0.1,attitude_run_centered,mid,kt_rmse_3d_cm,2.48360621144449,2.99529576879896,-0.511689557354471,0.316634890627019,0,-0.820854344066696
0.1,attitude_run_centered,mid,kalman_pos_std_3d_cm,2.42630117015807,2.96129575525127,-0.534994585093197,0.332124815527056,0,-0.877018963330137
0.1,attitude_run_centered,mid,rpy_std_deg,4.70371997714352,6.44000973684467,-1.73628975970115,0.891032204768444,0,-3.19034490102807
0.1,attitude_run_centered,top,vt_rmse_3d_cm,5.03309999533724,3.8350204689302,1.19807952640703,0.335019607481285,5,0.875937747777843
0.1,attitude_run_centered,top,visual_dispersion_3d_cm,4.03211613571478,2.30333417046196,1.72878196525281,0.393182457585386,5,1.37932146350907
0.1,attitude_run_centered,top,vk_rmse_3d_cm,4.40828999211658,3.16651742256524,1.24177256955134,0.263667835007154,5,0.93536964402614
0.1,attitude_run_centered,top,kt_rmse_3d_cm,3.24738415640777,2.33404707158797,0.913337084819807,0.316629100406539,5,0.621705803129468
0.1,attitude_run_centered,top,kalman_pos_std_3d_cm,3.23408854301025,2.01647426817877,1.21761427483148,0.3491291268343,5,0.878307051772274
0.1,attitude_run_centered,top,rpy_std_deg,8.98441837432888,4.8995668107992,4.08485156352968,0.982295002580228,5,2.63769782555963
0.1,original_static,bot,vt_rmse_3d_cm,4.65830620240105,4.00677154556714,0.651534656833915,0.400559030945538,5,0.395924085449236
0.1,original_static,bot,visual_dispersion_3d_cm,3.57098482850612,2.99382206687262,0.577162761633503,0.164545297904483,5,0.314801654244595
0.1,original_static,bot,vk_rmse_3d_cm,4.02657798694836,3.39863790854481,0.627940078403551,0.502068157123011,5,0.090871148971726
0.1,original_static,bot,kt_rmse_3d_cm,2.94242291260075,2.51910724674668,0.423315665854079,0.366283108188286,4,-0.0180928220697356
0.1,original_static,bot,kalman_pos_std_3d_cm,2.74324497985747,2.33357959826017,0.409665381597301,0.404876994631055,4,-0.0944202835490136
0.1,original_static,bot,rpy_std_deg,4.73812484429817,4.06746961507783,0.670655229220341,0.29914704842006,5,0.263403535308705
0.1,original_static,mid,vt_rmse_3d_cm,4.31423644230236,4.29020549928891,0.0240309430134496,0.246911525775647,3,-0.305122054985915
0.1,original_static,mid,visual_dispersion_3d_cm,3.86712386209602,4.18963823569565,-0.322514373599631,0.284674435072831,0,-0.731773828694545
0.1,original_static,mid,vk_rmse_3d_cm,3.76620484599564,3.73659734172714,0.0296075042685039,0.454247015205858,3,-0.712621172668304
0.1,original_static,mid,kt_rmse_3d_cm,2.48360621144449,2.99529576879896,-0.511689557354471,0.316634890627019,0,-0.820854344066696
0.1,original_static,mid,kalman_pos_std_3d_cm,2.42630117015807,2.96129575525127,-0.534994585093197,0.332124815527056,0,-0.877018963330137
0.1,original_static,mid,rpy_std_deg,4.70371997714352,6.44000973684467,-1.73628975970115,0.891032204768444,0,-3.19034490102807
0.1,original_static,top,vt_rmse_3d_cm,6.16678067485527,4.38410390814847,1.78267676670681,0.528884461169153,5,0.878274031907142
0.1,original_static,top,visual_dispersion_3d_cm,5.4507944036629,3.40414047451781,2.04665392914509,0.461349648227481,5,1.40550763974135
0.1,original_static,top,vk_rmse_3d_cm,5.51848936104685,3.6400084709268,1.87848089012005,0.7514957242218,5,0.594248555911379
0.1,original_static,top,kt_rmse_3d_cm,3.24738415640777,2.33404707158797,0.913337084819807,0.316629100406539,5,0.621705803129468
0.1,original_static,top,kalman_pos_std_3d_cm,3.23408854301025,2.01647426817877,1.21761427483148,0.3491291268343,5,0.878307051772274
0.1,original_static,top,rpy_std_deg,8.98441837432888,4.8995668107992,4.08485156352968,0.982295002580228,5,2.63769782555963
0.15,attitude_absolute,bot,vt_rmse_3d_cm,4.29669823346839,3.84878836692062,0.447909866547766,0.283488690335891,5,0.135985920830623
0.15,attitude_absolute,bot,visual_dispersion_3d_cm,3.14389403007534,2.76418461763492,0.379709412440417,0.312485718430563,5,0.113180200805883
0.15,attitude_absolute,bot,vk_rmse_3d_cm,3.75746635210992,3.30899443823281,0.448471913877106,0.344952910428719,5,0.104972092897058
0.15,attitude_absolute,bot,kt_rmse_3d_cm,2.94008533598254,2.51254828020796,0.427537055774577,0.363476214190876,4,-0.0146054584166944
0.15,attitude_absolute,bot,kalman_pos_std_3d_cm,2.74203922460204,2.32657721459871,0.41546201000333,0.400888567185277,4,-0.0901210283564158
0.15,attitude_absolute,bot,rpy_std_deg,4.73848857555406,4.06755595255542,0.670932622998637,0.301109017272093,5,0.266043282178029
0.15,attitude_absolute,mid,vt_rmse_3d_cm,3.70133317294878,3.55912025399636,0.142212918952417,0.386427792763106,3,-0.234633936894851
0.15,attitude_absolute,mid,visual_dispersion_3d_cm,3.19264218581446,3.41757548707331,-0.224933301258844,0.369491841636919,2,-0.607873674120706
0.15,attitude_absolute,mid,vk_rmse_3d_cm,3.35010364213714,2.78319928769788,0.566904354439252,0.33959553535646,5,0.329374858487197
0.15,attitude_absolute,mid,kt_rmse_3d_cm,2.46830037579537,2.99995452532684,-0.53165414953147,0.314160391827268,0,-0.826487287723115
0.15,attitude_absolute,mid,kalman_pos_std_3d_cm,2.41104675928419,2.96692761664891,-0.555880857364717,0.329467932126624,0,-0.881207984881037
0.15,attitude_absolute,mid,rpy_std_deg,4.70100577810303,6.43781154064534,-1.73680576254231,0.89073382501371,0,-3.19571350959248
0.15,attitude_absolute,top,vt_rmse_3d_cm,5.08056731202678,3.73066627675706,1.34990103526972,0.369234428672423,5,1.00923511511829
0.15,attitude_absolute,top,visual_dispersion_3d_cm,4.24957253843869,2.39011674782062,1.85945579061807,0.430738441392124,5,1.42862089086073
0.15,attitude_absolute,top,vk_rmse_3d_cm,4.56240416339855,3.09616237464666,1.46624178875189,0.303641533420816,5,1.07425815318557
0.15,attitude_absolute,top,kt_rmse_3d_cm,3.25164912805953,2.32699328016285,0.924655847896674,0.315683686003187,5,0.633236369952425
0.15,attitude_absolute,top,kalman_pos_std_3d_cm,3.23916060075039,2.00984944894138,1.22931115180901,0.347418247930925,5,0.890189439500962
0.15,attitude_absolute,top,rpy_std_deg,8.98606445480836,4.90445220479499,4.08161225001337,0.983283967625209,5,2.63954874691083
0.15,attitude_run_centered,bot,vt_rmse_3d_cm,4.30358592939034,3.85902120797667,0.444564721413672,0.283020403082595,5,0.122917545267846
0.15,attitude_run_centered,bot,visual_dispersion_3d_cm,3.14380900940301,2.76408490767412,0.37972410172889,0.312412717032152,5,0.113097246010109
0.15,attitude_run_centered,bot,vk_rmse_3d_cm,3.7521945564211,3.31043126010305,0.441763296318048,0.351381232911166,5,0.087789129688725
0.15,attitude_run_centered,bot,kt_rmse_3d_cm,2.94008533598254,2.51254828020796,0.427537055774577,0.363476214190876,4,-0.0146054584166944
0.15,attitude_run_centered,bot,kalman_pos_std_3d_cm,2.74203922460204,2.32657721459871,0.41546201000333,0.400888567185277,4,-0.0901210283564158
0.15,attitude_run_centered,bot,rpy_std_deg,4.73848857555406,4.06755595255542,0.670932622998637,0.301109017272093,5,0.266043282178029
0.15,attitude_run_centered,mid,vt_rmse_3d_cm,3.69869328336383,3.54468678601341,0.154006497350424,0.429505911081475,3,-0.301532980676283
0.15,attitude_run_centered,mid,visual_dispersion_3d_cm,3.19254263667773,3.41769264023816,-0.225150003560422,0.36934431813296,2,-0.607469655839068
0.15,attitude_run_centered,mid,vk_rmse_3d_cm,3.34665618699099,2.76531482243071,0.581341364560281,0.371773079994452,5,0.25811154246958
0.15,attitude_run_centered,mid,kt_rmse_3d_cm,2.46830037579537,2.99995452532684,-0.53165414953147,0.314160391827268,0,-0.826487287723115
0.15,attitude_run_centered,mid,kalman_pos_std_3d_cm,2.41104675928419,2.96692761664891,-0.555880857364717,0.329467932126624,0,-0.881207984881037
0.15,attitude_run_centered,mid,rpy_std_deg,4.70100577810303,6.43781154064534,-1.73680576254231,0.89073382501371,0,-3.19571350959248
0.15,attitude_run_centered,top,vt_rmse_3d_cm,5.22202260898904,3.89019193247109,1.33183067651796,0.373817077654451,5,1.0045858760369
0.15,attitude_run_centered,top,visual_dispersion_3d_cm,4.24955093794049,2.39015884451423,1.85939209342626,0.431071288879258,5,1.42834395798248
0.15,attitude_run_centered,top,vk_rmse_3d_cm,4.70404244987015,3.26047039252108,1.44357205734907,0.307984735207032,5,1.06139401839146
0.15,attitude_run_centered,top,kt_rmse_3d_cm,3.25164912805953,2.32699328016285,0.924655847896674,0.315683686003187,5,0.633236369952425
0.15,attitude_run_centered,top,kalman_pos_std_3d_cm,3.23916060075039,2.00984944894138,1.22931115180901,0.347418247930925,5,0.890189439500962
0.15,attitude_run_centered,top,rpy_std_deg,8.98606445480836,4.90445220479499,4.08161225001337,0.983283967625209,5,2.63954874691083
0.15,original_static,bot,vt_rmse_3d_cm,4.65830620240105,4.00677154556714,0.651534656833915,0.400559030945538,5,0.395924085449236
0.15,original_static,bot,visual_dispersion_3d_cm,3.57098482850612,2.99382206687262,0.577162761633503,0.164545297904483,5,0.314801654244595
0.15,original_static,bot,vk_rmse_3d_cm,4.11821401526466,3.44385669703687,0.674357318227784,0.484242030397023,5,0.131815146873036
0.15,original_static,bot,kt_rmse_3d_cm,2.94008533598254,2.51254828020796,0.427537055774577,0.363476214190876,4,-0.0146054584166944
0.15,original_static,bot,kalman_pos_std_3d_cm,2.74203922460204,2.32657721459871,0.41546201000333,0.400888567185277,4,-0.0901210283564158
0.15,original_static,bot,rpy_std_deg,4.73848857555406,4.06755595255542,0.670932622998637,0.301109017272093,5,0.266043282178029
0.15,original_static,mid,vt_rmse_3d_cm,4.31423644230236,4.29020549928891,0.0240309430134496,0.246911525775647,3,-0.305122054985915
0.15,original_static,mid,visual_dispersion_3d_cm,3.86712386209602,4.18963823569565,-0.322514373599631,0.284674435072831,0,-0.731773828694545
0.15,original_static,mid,vk_rmse_3d_cm,3.79559302533782,3.82065069350071,-0.0250576681628804,0.47754424259604,3,-0.804162332730719
0.15,original_static,mid,kt_rmse_3d_cm,2.46830037579537,2.99995452532684,-0.53165414953147,0.314160391827268,0,-0.826487287723115
0.15,original_static,mid,kalman_pos_std_3d_cm,2.41104675928419,2.96692761664891,-0.555880857364717,0.329467932126624,0,-0.881207984881037
0.15,original_static,mid,rpy_std_deg,4.70100577810303,6.43781154064534,-1.73680576254231,0.89073382501371,0,-3.19571350959248
0.15,original_static,top,vt_rmse_3d_cm,6.16678067485527,4.38410390814847,1.78267676670681,0.528884461169153,5,0.878274031907142
0.15,original_static,top,visual_dispersion_3d_cm,5.4507944036629,3.40414047451781,2.04665392914509,0.461349648227481,5,1.40550763974135
0.15,original_static,top,vk_rmse_3d_cm,5.60150620436937,3.66160328658864,1.93990291778073,0.760814914037843,5,0.629060730853431
0.15,original_static,top,kt_rmse_3d_cm,3.25164912805953,2.32699328016285,0.924655847896674,0.315683686003187,5,0.633236369952425
0.15,original_static,top,kalman_pos_std_3d_cm,3.23916060075039,2.00984944894138,1.22931115180901,0.347418247930925,5,0.890189439500962
0.15,original_static,top,rpy_std_deg,8.98606445480836,4.90445220479499,4.08161225001337,0.983283967625209,5,2.63954874691083
0.2,attitude_absolute,bot,vt_rmse_3d_cm,4.35676226746311,3.91104070702505,0.445721560438054,0.272501736715808,5,0.162971211462777
0.2,attitude_absolute,bot,visual_dispersion_3d_cm,3.22371820036594,2.84331769163687,0.380400508729073,0.292833783727292,5,0.124292222329748
0.2,attitude_absolute,bot,vk_rmse_3d_cm,3.93771623800501,3.45012336315073,0.487592874854285,0.344543864399631,5,0.110437045803682
0.2,attitude_absolute,bot,kt_rmse_3d_cm,2.94008736388709,2.5118348026141,0.428252561272995,0.358244530311779,4,-0.00557788116623037
0.2,attitude_absolute,bot,kalman_pos_std_3d_cm,2.7424250816146,2.32582600450355,0.416599077111049,0.393781689453557,4,-0.0789479803232718
0.2,attitude_absolute,bot,rpy_std_deg,4.73918958541199,4.06758633981293,0.671603245599052,0.301772766266718,5,0.27059397378281
0.2,attitude_absolute,mid,vt_rmse_3d_cm,3.75685297195193,3.64676444730133,0.110088524650604,0.391148061667959,3,-0.301903518184088
0.2,attitude_absolute,mid,visual_dispersion_3d_cm,3.2567322057917,3.50834698376588,-0.251614777974184,0.375646473392224,2,-0.672074317746256
0.2,attitude_absolute,mid,vk_rmse_3d_cm,3.45470291300568,3.01317907093929,0.441523842066391,0.368248016984098,5,0.172662309872079
0.2,attitude_absolute,mid,kt_rmse_3d_cm,2.45350981863062,3.00618704508597,-0.552677226455354,0.314940034362382,0,-0.828914680999012
0.2,attitude_absolute,mid,kalman_pos_std_3d_cm,2.39626515218946,2.97436800202572,-0.578102849836256,0.330328391488289,0,-0.882914715580223
0.2,attitude_absolute,mid,rpy_std_deg,4.69857331695464,6.43739550526258,-1.73882218830794,0.889210498591567,0,-3.20145407177398
0.2,attitude_absolute,top,vt_rmse_3d_cm,5.30544621654863,3.79974236712068,1.50570384942795,0.42286598287115,5,1.0661620799287
0.2,attitude_absolute,top,visual_dispersion_3d_cm,4.50361504472693,2.49462289626905,2.00899214845788,0.482198339574351,5,1.48094778400202
0.2,attitude_absolute,top,vk_rmse_3d_cm,4.91085535757158,3.21342999208254,1.69742536548904,0.359214747061922,5,1.21466729678933
0.2,attitude_absolute,top,kt_rmse_3d_cm,3.25860564713583,2.32089051406507,0.937715133070757,0.315690510553659,5,0.647559698002911
0.2,attitude_absolute,top,kalman_pos_std_3d_cm,3.24687435454851,2.00436777437381,1.2425065801747,0.347099152888131,5,0.904096174107818
0.2,attitude_absolute,top,rpy_std_deg,8.98640577451036,4.90841343985135,4.077992334659,0.984601121575848,5,2.63771795803374
0.2,attitude_run_centered,bot,vt_rmse_3d_cm,4.36349487682225,3.92105221660729,0.442442660214956,0.27211555509512,5,0.150103930694548
0.2,attitude_run_centered,bot,visual_dispersion_3d_cm,3.22364854547413,2.84322404225014,0.380424503223991,0.292775079196342,5,0.124319224198015
0.2,attitude_run_centered,bot,vk_rmse_3d_cm,3.93240310384517,3.45129220309263,0.481110900752535,0.350046962963253,5,0.0934953187072467
0.2,attitude_run_centered,bot,kt_rmse_3d_cm,2.94008736388709,2.5118348026141,0.428252561272995,0.358244530311779,4,-0.00557788116623037
0.2,attitude_run_centered,bot,kalman_pos_std_3d_cm,2.7424250816146,2.32582600450355,0.416599077111049,0.393781689453557,4,-0.0789479803232718
0.2,attitude_run_centered,bot,rpy_std_deg,4.73918958541199,4.06758633981293,0.671603245599052,0.301772766266718,5,0.27059397378281
0.2,attitude_run_centered,mid,vt_rmse_3d_cm,3.7549225198746,3.63257687119492,0.122345648679674,0.435259682823022,3,-0.36728863492728
0.2,attitude_run_centered,mid,visual_dispersion_3d_cm,3.2566505022789,3.50845470116745,-0.251804198888552,0.375509990010961,2,-0.671730982232294
0.2,attitude_run_centered,mid,vk_rmse_3d_cm,3.45226224026064,2.99683876280685,0.455423477453793,0.396495276087499,5,0.125030408805968
0.2,attitude_run_centered,mid,kt_rmse_3d_cm,2.45350981863062,3.00618704508597,-0.552677226455354,0.314940034362382,0,-0.828914680999012
0.2,attitude_run_centered,mid,kalman_pos_std_3d_cm,2.39626515218946,2.97436800202572,-0.578102849836256,0.330328391488289,0,-0.882914715580223
0.2,attitude_run_centered,mid,rpy_std_deg,4.69857331695464,6.43739550526258,-1.73882218830794,0.889210498591567,0,-3.20145407177398
0.2,attitude_run_centered,top,vt_rmse_3d_cm,5.44289407493613,3.95727219200097,1.48562188293516,0.426592416234834,5,1.0615676265314
0.2,attitude_run_centered,top,visual_dispersion_3d_cm,4.50362774074668,2.49468169727468,2.008946043472,0.482477744303436,5,1.48070164992254
0.2,attitude_run_centered,top,vk_rmse_3d_cm,5.04598673598456,3.37365456646457,1.67233216951998,0.364908809468531,5,1.20235339024176
0.2,attitude_run_centered,top,kt_rmse_3d_cm,3.25860564713583,2.32089051406507,0.937715133070757,0.315690510553659,5,0.647559698002911
0.2,attitude_run_centered,top,kalman_pos_std_3d_cm,3.24687435454851,2.00436777437381,1.2425065801747,0.347099152888131,5,0.904096174107818
0.2,attitude_run_centered,top,rpy_std_deg,8.98640577451036,4.90841343985135,4.077992334659,0.984601121575848,5,2.63771795803374
0.2,original_static,bot,vt_rmse_3d_cm,4.65830620240105,4.00677154556714,0.651534656833915,0.400559030945538,5,0.395924085449236
0.2,original_static,bot,visual_dispersion_3d_cm,3.57098482850612,2.99382206687262,0.577162761633503,0.164545297904483,5,0.314801654244595
0.2,original_static,bot,vk_rmse_3d_cm,4.2269532537477,3.50745520279814,0.719498050949562,0.469326493799362,5,0.16909505901797
0.2,original_static,bot,kt_rmse_3d_cm,2.94008736388709,2.5118348026141,0.428252561272995,0.358244530311779,4,-0.00557788116623037
0.2,original_static,bot,kalman_pos_std_3d_cm,2.7424250816146,2.32582600450355,0.416599077111049,0.393781689453557,4,-0.0789479803232718
0.2,original_static,bot,rpy_std_deg,4.73918958541199,4.06758633981293,0.671603245599052,0.301772766266718,5,0.27059397378281
0.2,original_static,mid,vt_rmse_3d_cm,4.31423644230236,4.29020549928891,0.0240309430134496,0.246911525775647,3,-0.305122054985915
0.2,original_static,mid,visual_dispersion_3d_cm,3.86712386209602,4.18963823569565,-0.322514373599631,0.284674435072831,0,-0.731773828694545
0.2,original_static,mid,vk_rmse_3d_cm,3.8354087548735,3.91901063787967,-0.0836018830061676,0.496936284687204,3,-0.89372546777998
0.2,original_static,mid,kt_rmse_3d_cm,2.45350981863062,3.00618704508597,-0.552677226455354,0.314940034362382,0,-0.828914680999012
0.2,original_static,mid,kalman_pos_std_3d_cm,2.39626515218946,2.97436800202572,-0.578102849836256,0.330328391488289,0,-0.882914715580223
0.2,original_static,mid,rpy_std_deg,4.69857331695464,6.43739550526258,-1.73882218830794,0.889210498591567,0,-3.20145407177398
0.2,original_static,top,vt_rmse_3d_cm,6.16678067485527,4.38410390814847,1.78267676670681,0.528884461169153,5,0.878274031907142
0.2,original_static,top,visual_dispersion_3d_cm,5.4507944036629,3.40414047451781,2.04665392914509,0.461349648227481,5,1.40550763974135
0.2,original_static,top,vk_rmse_3d_cm,5.70026298616923,3.69003123369454,2.01023175247468,0.768097108443307,5,0.676671510012597
0.2,original_static,top,kt_rmse_3d_cm,3.25860564713583,2.32089051406507,0.937715133070757,0.315690510553659,5,0.647559698002911
0.2,original_static,top,kalman_pos_std_3d_cm,3.24687435454851,2.00436777437381,1.2425065801747,0.347099152888131,5,0.904096174107818
0.2,original_static,top,rpy_std_deg,8.98640577451036,4.90841343985135,4.077992334659,0.984601121575848,5,2.63771795803374
