test,route,run,marker,gap_id,first_unboxed_frame_0,last_unboxed_frame_0,unboxed_frames,preceding_detection_time,following_detection_time
QR_motioncap_brushless_Light_top_NoWind_test1,TOP,1,M2,1,503,503,1,1766434988.75,1766434989.04
QR_motioncap_brushless_Light_top_NoWind_test1,TOP,1,M4,1,933,933,1,1766435052.25,1766435052.52
QR_motioncap_brushless_Light_top_NoWind_test1,TOP,1,M4,2,975,976,2,1766435058.49,1766435058.93
QR_motioncap_brushless_Light_top_NoWind_test1,TOP,1,M4,3,1005,1005,1,1766435063.01,1766435063.3
QR_motioncap_brushless_Light_top_NoWind_test1,TOP,1,M4,4,1010,1010,1,1766435063.74,1766435064.03
QR_motioncap_brushless_Light_top_NoWind_test1,TOP,1,M4,5,1033,1035,3,1766435067.08,1766435067.67
QR_motioncap_brushless_Light_top_NoWind_test1,TOP,1,M4,6,1041,1047,7,1766435068.25,1766435069.55
QR_motioncap_brushless_Light_top_NoWind_test2,TOP,2,M2,1,483,484,2,1766435665.12,1766435665.55
QR_motioncap_brushless_Light_top_NoWind_test2,TOP,2,M2,2,496,497,2,1766435666.99,1766435667.43
QR_motioncap_brushless_Light_top_NoWind_test2,TOP,2,M2,3,548,548,1,1766435674.51,1766435674.8
QR_motioncap_brushless_Light_top_NoWind_test2,TOP,2,M4,1,935,935,1,1766435730.79,1766435731.07
QR_motioncap_brushless_Light_top_NoWind_test2,TOP,2,M4,2,957,958,2,1766435734.1,1766435734.54
QR_motioncap_brushless_Light_top_NoWind_test2,TOP,2,M4,3,963,963,1,1766435734.98,1766435735.26
QR_motioncap_brushless_Light_top_NoWind_test2,TOP,2,M4,4,965,966,2,1766435735.26,1766435735.7
QR_motioncap_brushless_Light_top_NoWind_test2,TOP,2,M4,5,984,984,1,1766435738.14,1766435738.44
QR_motioncap_brushless_Light_top_NoWind_test2,TOP,2,M4,6,986,989,4,1766435738.44,1766435739.15
QR_motioncap_brushless_Light_top_NoWind_test2,TOP,2,M4,7,992,992,1,1766435739.3,1766435739.59
QR_motioncap_brushless_Light_top_NoWind_test2,TOP,2,M4,8,1011,1015,5,1766435742.04,1766435742.91
QR_motioncap_brushless_Light_top_NoWind_test2,TOP,2,M4,9,1024,1024,1,1766435743.91,1766435744.21
QR_motioncap_brushless_Light_top_NoWind_test2,TOP,2,M4,10,1051,1052,2,1766435747.96,1766435748.39
QR_motioncap_brushless_Light_top_NoWind_test2,TOP,2,M4,11,1056,1056,1,1766435748.68,1766435748.97
QR_motioncap_brushless_Light_top_NoWind_test2,TOP,2,M4,12,1058,1062,5,1766435748.97,1766435749.84
QR_motioncap_brushless_Light_top_NoWind_test2,TOP,2,M4,13,1065,1065,1,1766435749.98,1766435750.27
QR_motioncap_brushless_Light_top_NoWind_test2,TOP,2,M4,14,1069,1072,4,1766435750.56,1766435751.28
QR_motioncap_brushless_Light_top_NoWind_test2,TOP,2,M4,15,1082,1082,1,1766435752.43,1766435752.71
QR_motioncap_brushless_Light_top_NoWind_test2,TOP,2,M4,16,1090,1094,5,1766435753.59,1766435754.45
QR_motioncap_brushless_Light_top_NoWind_test2,TOP,2,M4,17,1097,1100,4,1766435754.6,1766435755.32
QR_motioncap_brushless_Light_top_NoWind_test3,TOP,3,M2,1,696,701,6,1766440717.32,1766440718.33
QR_motioncap_brushless_Light_top_NoWind_test3,TOP,3,M2,2,817,818,2,1766440735.07,1766440735.5
QR_motioncap_brushless_Light_top_NoWind_test3,TOP,3,M4,1,1123,1123,1,1766440779.92,1766440780.22
QR_motioncap_brushless_Light_top_NoWind_test3,TOP,3,M4,2,1126,1129,4,1766440780.35,1766440781.08
QR_motioncap_brushless_Light_top_NoWind_test3,TOP,3,M4,3,1131,1132,2,1766440781.08,1766440781.5
QR_motioncap_brushless_Light_top_NoWind_test3,TOP,3,M4,4,1134,1134,1,1766440781.5,1766440781.8
QR_motioncap_brushless_Light_top_NoWind_test3,TOP,3,M4,5,1138,1138,1,1766440782.08,1766440782.37
QR_motioncap_brushless_Light_top_NoWind_test3,TOP,3,M4,6,1140,1140,1,1766440782.37,1766440782.66
QR_motioncap_brushless_Light_top_NoWind_test3,TOP,3,M4,7,1147,1147,1,1766440783.4,1766440783.67
QR_motioncap_brushless_Light_top_NoWind_test3,TOP,3,M4,8,1165,1167,3,1766440785.98,1766440786.56
QR_motioncap_brushless_Light_top_NoWind_test3,TOP,3,M4,9,1176,1177,2,1766440787.56,1766440788.0
QR_motioncap_brushless_Light_top_NoWind_test3,TOP,3,M4,10,1194,1194,1,1766440790.17,1766440790.46
QR_motioncap_brushless_Light_top_NoWind_test3,TOP,3,M4,11,1198,1198,1,1766440790.75,1766440791.03
QR_motioncap_brushless_Light_top_NoWind_test3,TOP,3,M4,12,1200,1202,3,1766440791.03,1766440791.61
QR_motioncap_brushless_Light_top_NoWind_test3,TOP,3,M4,13,1207,1207,1,1766440792.04,1766440792.33
QR_motioncap_brushless_Light_top_NoWind_test3,TOP,3,M4,14,1209,1210,2,1766440792.33,1766440792.76
QR_motioncap_brushless_Light_top_NoWind_test3,TOP,3,M4,15,1225,1229,5,1766440794.64,1766440795.52
QR_motioncap_brushless_Light_top_NoWind_test3,TOP,3,M4,16,1235,1235,1,1766440796.09,1766440796.37
QR_motioncap_brushless_Light_top_NoWind_test3,TOP,3,M4,17,1237,1239,3,1766440796.37,1766440796.94
QR_motioncap_brushless_Light_top_NoWind_test3,TOP,3,M4,18,1244,1248,5,1766440797.38,1766440798.25
QR_motioncap_brushless_Light_top_NoWind_test3,TOP,3,M4,19,1271,1276,6,1766440801.28,1766440802.29
QR_motioncap_brushless_Light_top_NoWind_test3,TOP,3,M4,20,1282,1283,2,1766440802.87,1766440803.29
QR_motioncap_brushless_Light_top_NoWind_test3,TOP,3,M4,21,1285,1290,6,1766440803.29,1766440804.31
QR_motioncap_brushless_Light_top_NoWind_test3,TOP,3,M4,22,1293,1294,2,1766440804.46,1766440804.89
QR_motioncap_brushless_Light_top_NoWind_test3,TOP,3,M5,1,1445,1446,2,1766440826.5,1766440826.92
QR_motioncap_brushless_Light_top_NoWind_test3,TOP,3,M5,2,1457,1457,1,1766440828.22,1766440828.51
QR_motioncap_brushless_Light_top_NoWind_test4,TOP,4,M2,1,773,773,1,1766441283.12,1766441283.39
QR_motioncap_brushless_Light_top_NoWind_test4,TOP,4,M4,1,1090,1091,2,1766441330.4,1766441330.84
QR_motioncap_brushless_Light_top_NoWind_test4,TOP,4,M4,2,1160,1161,2,1766441340.88,1766441341.32
QR_motioncap_brushless_Light_top_NoWind_test4,TOP,4,M4,3,1169,1170,2,1766441342.2,1766441342.63
QR_motioncap_brushless_Light_top_NoWind_test4,TOP,4,M4,4,1175,1177,3,1766441343.07,1766441343.65
QR_motioncap_brushless_Light_top_NoWind_test4,TOP,4,M4,5,1181,1182,2,1766441343.95,1766441344.38
QR_motioncap_brushless_Light_top_NoWind_test4,TOP,4,M4,6,1232,1232,1,1766441351.38,1766441351.66
QR_motioncap_brushless_Light_top_NoWind_test5,TOP,5,M2,1,488,488,1,1766441613.39,1766441613.68
QR_motioncap_brushless_Light_top_NoWind_test5,TOP,5,M2,2,498,498,1,1766441614.84,1766441615.13
QR_motioncap_brushless_Light_top_NoWind_test5,TOP,5,M2,3,560,560,1,1766441624.22,1766441624.51
QR_motioncap_brushless_Light_top_NoWind_test5,TOP,5,M2,4,563,563,1,1766441624.67,1766441624.94
QR_motioncap_brushless_Light_top_NoWind_test5,TOP,5,M2,5,565,565,1,1766441624.94,1766441625.23
QR_motioncap_brushless_Light_top_NoWind_test5,TOP,5,M2,6,631,631,1,1766441634.77,1766441635.06
QR_motioncap_brushless_Light_top_NoWind_test5,TOP,5,M2,7,636,636,1,1766441635.49,1766441635.78
QR_motioncap_brushless_Light_top_NoWind_test5,TOP,5,M4,1,918,919,2,1766441677.33,1766441677.76
QR_motioncap_brushless_Light_top_NoWind_test5,TOP,5,M4,2,921,921,1,1766441677.76,1766441678.07
QR_motioncap_brushless_Light_top_NoWind_test5,TOP,5,M4,3,923,923,1,1766441678.07,1766441678.34
QR_motioncap_brushless_Light_top_NoWind_test5,TOP,5,M4,4,925,925,1,1766441678.34,1766441678.63
QR_motioncap_brushless_Light_top_NoWind_test5,TOP,5,M4,5,928,928,1,1766441678.79,1766441679.06
QR_motioncap_brushless_Light_top_NoWind_test5,TOP,5,M4,6,968,968,1,1766441684.85,1766441685.13
QR_motioncap_brushless_Light_top_NoWind_test5,TOP,5,M4,7,976,979,4,1766441686.01,1766441686.72
QR_motioncap_brushless_Light_top_NoWind_test5,TOP,5,M4,8,981,982,2,1766441686.72,1766441687.15
QR_motioncap_brushless_Light_top_NoWind_test5,TOP,5,M4,9,987,989,3,1766441687.59,1766441688.17
QR_motioncap_brushless_Light_top_NoWind_test5,TOP,5,M4,10,994,994,1,1766441688.6,1766441688.88
QR_motioncap_brushless_Light_top_NoWind_test5,TOP,5,M4,11,1008,1008,1,1766441690.62,1766441690.9
QR_motioncap_brushless_Light_top_NoWind_test5,TOP,5,M4,12,1012,1012,1,1766441691.2,1766441691.48
QR_motioncap_brushless_Light_top_NoWind_test5,TOP,5,M4,13,1040,1042,3,1766441695.4,1766441695.98
QR_motioncap_brushless_Light_top_NoWind_test5,TOP,5,M4,14,1047,1047,1,1766441696.39,1766441696.68
QR_motioncap_brushless_Light_top_NoWind_test5,TOP,5,M4,15,1052,1052,1,1766441697.11,1766441697.4
QR_motioncap_brushless_Light_top_NoWind_test5,TOP,5,M4,16,1061,1061,1,1766441698.41,1766441698.7
QR_motioncap_brushless_Light_top_NoWind_test5,TOP,5,M4,17,1063,1070,8,1766441698.7,1766441700.0
QR_motioncap_brushless_Light_top_NoWind_test5,TOP,5,M4,18,1072,1081,10,1766441700.0,1766441701.59
QR_motioncap_brushless_Light_top_NoWind_test5,TOP,5,M5,1,1167,1167,1,1766441713.71,1766441713.98
QR_motioncap_brushless_Light_top_NoWind_test5,TOP,5,M5,2,1175,1175,1,1766441714.84,1766441715.13
QR_motioncap_brushless_Light_mid_NoWind_test1,MID,1,M6,1,227,227,1,1766432944.16,1766432944.45
QR_motioncap_brushless_Light_mid_NoWind_test1,MID,1,M6,2,230,230,1,1766432944.59,1766432944.89
QR_motioncap_brushless_Light_mid_NoWind_test1,MID,1,M7,1,520,521,2,1766432987.11,1766432987.55
QR_motioncap_brushless_Light_mid_NoWind_test1,MID,1,M7,2,525,525,1,1766432987.84,1766432988.15
QR_motioncap_brushless_Light_mid_NoWind_test1,MID,1,M7,3,528,529,2,1766432988.28,1766432988.73
QR_motioncap_brushless_Light_mid_NoWind_test1,MID,1,M7,4,532,532,1,1766432988.86,1766432989.18
QR_motioncap_brushless_Light_mid_NoWind_test1,MID,1,M7,5,552,552,1,1766432991.92,1766432992.21
QR_motioncap_brushless_Light_mid_NoWind_test1,MID,1,M7,6,554,561,8,1766432992.21,1766432993.51
QR_motioncap_brushless_Light_mid_NoWind_test1,MID,1,M7,7,629,629,1,1766433003.28,1766433003.56
QR_motioncap_brushless_Light_mid_NoWind_test1,MID,1,M7,8,632,633,2,1766433003.71,1766433004.14
QR_motioncap_brushless_Light_mid_NoWind_test2,MID,2,M6,1,230,231,2,1766437057.97,1766437058.4
QR_motioncap_brushless_Light_mid_NoWind_test2,MID,2,M6,2,252,253,2,1766437061.16,1766437061.6
QR_motioncap_brushless_Light_mid_NoWind_test2,MID,2,M6,3,290,291,2,1766437066.69,1766437067.12
QR_motioncap_brushless_Light_mid_NoWind_test2,MID,2,M7,1,536,536,1,1766437102.74,1766437103.02
QR_motioncap_brushless_Light_mid_NoWind_test2,MID,2,M7,2,541,541,1,1766437103.51,1766437103.77
QR_motioncap_brushless_Light_mid_NoWind_test2,MID,2,M7,3,548,549,2,1766437104.49,1766437104.96
QR_motioncap_brushless_Light_mid_NoWind_test2,MID,2,M7,4,551,551,1,1766437104.96,1766437105.26
QR_motioncap_brushless_Light_mid_NoWind_test2,MID,2,M7,5,553,554,2,1766437105.26,1766437105.65
QR_motioncap_brushless_Light_mid_NoWind_test2,MID,2,M7,6,576,576,1,1766437108.56,1766437108.85
QR_motioncap_brushless_Light_mid_NoWind_test2,MID,2,M7,7,614,614,1,1766437114.24,1766437114.53
QR_motioncap_brushless_Light_mid_NoWind_test2,MID,2,M7,8,618,618,1,1766437114.82,1766437115.12
QR_motioncap_brushless_Light_mid_NoWind_test2,MID,2,M7,9,623,624,2,1766437115.55,1766437115.98
QR_motioncap_brushless_Light_mid_NoWind_test2,MID,2,M7,10,631,631,1,1766437116.71,1766437117.01
QR_motioncap_brushless_Light_mid_NoWind_test2,MID,2,M8,1,892,892,1,1766437155.87,1766437156.16
QR_motioncap_brushless_Light_mid_NoWind_test3,MID,3,M6,1,322,322,1,1766439607.42,1766439607.71
QR_motioncap_brushless_Light_mid_NoWind_test3,MID,3,M6,2,373,373,1,1766439614.96,1766439615.26
QR_motioncap_brushless_Light_mid_NoWind_test3,MID,3,M7,1,571,571,1,1766439644.92,1766439645.19
QR_motioncap_brushless_Light_mid_NoWind_test3,MID,3,M7,2,575,575,1,1766439645.48,1766439645.77
QR_motioncap_brushless_Light_mid_NoWind_test3,MID,3,M7,3,578,579,2,1766439645.92,1766439646.36
QR_motioncap_brushless_Light_mid_NoWind_test3,MID,3,M7,4,607,607,1,1766439650.28,1766439650.58
QR_motioncap_brushless_Light_mid_NoWind_test3,MID,3,M7,5,620,620,1,1766439652.32,1766439652.61
QR_motioncap_brushless_Light_mid_NoWind_test3,MID,3,M7,6,681,681,1,1766439661.36,1766439661.64
QR_motioncap_brushless_Light_mid_NoWind_test3,MID,3,M7,7,683,684,2,1766439661.64,1766439662.08
QR_motioncap_brushless_Light_mid_NoWind_test3,MID,3,M7,8,686,686,1,1766439662.08,1766439662.36
QR_motioncap_brushless_Light_mid_NoWind_test4,MID,4,M6,1,177,177,1,1766441950.97,1766441951.39
QR_motioncap_brushless_Light_mid_NoWind_test4,MID,4,M6,2,227,230,4,1766441958.3,1766441959.02
QR_motioncap_brushless_Light_mid_NoWind_test4,MID,4,M6,3,235,235,1,1766441959.45,1766441959.75
QR_motioncap_brushless_Light_mid_NoWind_test4,MID,4,M6,4,240,242,3,1766441960.31,1766441960.91
QR_motioncap_brushless_Light_mid_NoWind_test4,MID,4,M6,5,248,249,2,1766441961.47,1766441961.9
QR_motioncap_brushless_Light_mid_NoWind_test4,MID,4,M6,6,251,251,1,1766441961.9,1766441962.37
QR_motioncap_brushless_Light_mid_NoWind_test4,MID,4,M6,7,253,254,2,1766441962.37,1766441962.77
QR_motioncap_brushless_Light_mid_NoWind_test4,MID,4,M6,8,256,256,1,1766441962.77,1766441963.05
QR_motioncap_brushless_Light_mid_NoWind_test4,MID,4,M6,9,258,258,1,1766441963.05,1766441963.33
QR_motioncap_brushless_Light_mid_NoWind_test4,MID,4,M6,10,299,299,1,1766441968.94,1766441969.25
QR_motioncap_brushless_Light_mid_NoWind_test4,MID,4,M6,11,305,305,1,1766441969.82,1766441970.1
QR_motioncap_brushless_Light_mid_NoWind_test4,MID,4,M6,12,322,322,1,1766441972.25,1766441972.55
QR_motioncap_brushless_Light_mid_NoWind_test4,MID,4,M6,13,326,327,2,1766441972.83,1766441973.26
QR_motioncap_brushless_Light_mid_NoWind_test4,MID,4,M7,1,498,499,2,1766441997.75,1766441998.18
QR_motioncap_brushless_Light_mid_NoWind_test4,MID,4,M7,2,506,513,8,1766441998.9,1766442000.2
QR_motioncap_brushless_Light_mid_NoWind_test4,MID,4,M7,3,515,518,4,1766442000.2,1766442000.94
QR_motioncap_brushless_Light_mid_NoWind_test4,MID,4,M7,4,524,524,1,1766442001.51,1766442001.8
QR_motioncap_brushless_Light_mid_NoWind_test4,MID,4,M7,5,527,527,1,1766442001.93,1766442002.22
QR_motioncap_brushless_Light_mid_NoWind_test4,MID,4,M7,6,534,535,2,1766442002.94,1766442003.52
QR_motioncap_brushless_Light_mid_NoWind_test4,MID,4,M7,7,537,537,1,1766442003.52,1766442003.8
QR_motioncap_brushless_Light_mid_NoWind_test4,MID,4,M7,8,547,547,1,1766442004.96,1766442005.25
QR_motioncap_brushless_Light_mid_NoWind_test4,MID,4,M7,9,549,549,1,1766442005.25,1766442005.54
QR_motioncap_brushless_Light_mid_NoWind_test4,MID,4,M7,10,553,554,2,1766442005.82,1766442006.4
QR_motioncap_brushless_Light_mid_NoWind_test4,MID,4,M7,11,559,566,8,1766442006.84,1766442008.13
QR_motioncap_brushless_Light_mid_NoWind_test4,MID,4,M7,12,568,568,1,1766442008.13,1766442008.42
QR_motioncap_brushless_Light_mid_NoWind_test4,MID,4,M7,13,583,590,8,1766442010.29,1766442011.6
QR_motioncap_brushless_Light_mid_NoWind_test4,MID,4,M7,14,592,594,3,1766442011.6,1766442012.16
QR_motioncap_brushless_Light_mid_NoWind_test4,MID,4,M7,15,596,596,1,1766442012.16,1766442012.45
QR_motioncap_brushless_Light_mid_NoWind_test4,MID,4,M7,16,598,598,1,1766442012.45,1766442012.75
QR_motioncap_brushless_Light_mid_NoWind_test4,MID,4,M7,17,613,616,4,1766442014.61,1766442015.36
QR_motioncap_brushless_Light_mid_NoWind_test4,MID,4,M7,18,623,623,1,1766442016.06,1766442016.49
QR_motioncap_brushless_Light_mid_NoWind_test4,MID,4,M7,19,640,640,1,1766442018.66,1766442018.95
QR_motioncap_brushless_Light_mid_NoWind_test4,MID,4,M7,20,657,658,2,1766442021.25,1766442021.67
QR_motioncap_brushless_Light_mid_NoWind_test4,MID,4,M7,21,660,662,3,1766442021.67,1766442022.25
QR_motioncap_brushless_Light_mid_NoWind_test4,MID,4,M8,1,815,815,1,1766442044.61,1766442044.9
QR_motioncap_brushless_Light_mid_NoWind_test4,MID,4,M8,2,826,826,1,1766442046.22,1766442046.49
QR_motioncap_brushless_Light_mid_NoWind_test4,MID,4,M8,3,828,828,1,1766442046.49,1766442046.78
QR_motioncap_brushless_Light_mid_NoWind_test4,MID,4,M8,4,861,861,1,1766442051.25,1766442051.53
QR_motioncap_brushless_Light_mid_NoWind_test4,MID,4,M8,5,885,885,1,1766442054.72,1766442055.01
QR_motioncap_brushless_Light_mid_NoWind_test4,MID,4,M8,6,945,945,1,1766442063.53,1766442063.82
QR_motioncap_brushless_Light_mid_NoWind_test5,MID,5,M6,1,214,217,4,1766442346.93,1766442347.64
QR_motioncap_brushless_Light_mid_NoWind_test5,MID,5,M6,2,219,219,1,1766442347.64,1766442347.93
QR_motioncap_brushless_Light_mid_NoWind_test5,MID,5,M6,3,267,267,1,1766442354.53,1766442354.83
QR_motioncap_brushless_Light_mid_NoWind_test5,MID,5,M6,4,270,270,1,1766442354.97,1766442355.26
QR_motioncap_brushless_Light_mid_NoWind_test5,MID,5,M6,5,298,298,1,1766442359.0,1766442359.29
QR_motioncap_brushless_Light_mid_NoWind_test5,MID,5,M6,6,313,315,3,1766442361.16,1766442361.73
QR_motioncap_brushless_Light_mid_NoWind_test5,MID,5,M6,7,318,318,1,1766442361.87,1766442362.16
QR_motioncap_brushless_Light_mid_NoWind_test5,MID,5,M6,8,346,346,1,1766442365.9,1766442366.19
QR_motioncap_brushless_Light_mid_NoWind_test5,MID,5,M6,9,371,371,1,1766442369.64,1766442369.94
QR_motioncap_brushless_Light_mid_NoWind_test5,MID,5,M6,10,389,389,1,1766442372.23,1766442372.52
QR_motioncap_brushless_Light_mid_NoWind_test5,MID,5,M7,1,561,561,1,1766442397.16,1766442397.44
QR_motioncap_brushless_Light_mid_NoWind_test5,MID,5,M7,2,563,569,7,1766442397.44,1766442398.59
QR_motioncap_brushless_Light_mid_NoWind_test5,MID,5,M7,3,571,574,4,1766442398.59,1766442399.31
QR_motioncap_brushless_Light_mid_NoWind_test5,MID,5,M7,4,578,586,9,1766442399.6,1766442401.05
QR_motioncap_brushless_Light_mid_NoWind_test5,MID,5,M7,5,598,598,1,1766442402.48,1766442402.77
QR_motioncap_brushless_Light_mid_NoWind_test5,MID,5,M7,6,603,604,2,1766442403.21,1766442403.64
QR_motioncap_brushless_Light_mid_NoWind_test5,MID,5,M7,7,616,617,2,1766442405.08,1766442405.51
QR_motioncap_brushless_Light_mid_NoWind_test5,MID,5,M7,8,619,620,2,1766442405.51,1766442405.94
QR_motioncap_brushless_Light_mid_NoWind_test5,MID,5,M7,9,622,622,1,1766442405.94,1766442406.23
QR_motioncap_brushless_Light_mid_NoWind_test5,MID,5,M7,10,632,632,1,1766442407.55,1766442407.96
QR_motioncap_brushless_Light_mid_NoWind_test5,MID,5,M7,11,634,642,9,1766442407.96,1766442409.42
QR_motioncap_brushless_Light_mid_NoWind_test5,MID,5,M7,12,654,654,1,1766442410.84,1766442411.13
QR_motioncap_brushless_Light_mid_NoWind_test5,MID,5,M7,13,663,663,1,1766442412.14,1766442412.43
QR_motioncap_brushless_Light_mid_NoWind_test5,MID,5,M7,14,673,673,1,1766442413.58,1766442413.87
QR_motioncap_brushless_Light_mid_NoWind_test5,MID,5,M7,15,676,676,1,1766442414.02,1766442414.3
QR_motioncap_brushless_Light_mid_NoWind_test5,MID,5,M7,16,680,680,1,1766442414.59,1766442414.88
QR_motioncap_brushless_Light_mid_NoWind_test5,MID,5,M7,17,682,682,1,1766442414.88,1766442415.17
QR_motioncap_brushless_Light_mid_NoWind_test5,MID,5,M7,18,689,690,2,1766442415.88,1766442416.32
QR_motioncap_brushless_Light_mid_NoWind_test5,MID,5,M7,19,692,692,1,1766442416.32,1766442416.61
QR_motioncap_brushless_Light_mid_NoWind_test5,MID,5,M7,20,696,696,1,1766442416.89,1766442417.18
QR_motioncap_brushless_Light_mid_NoWind_test5,MID,5,M7,21,708,711,4,1766442418.63,1766442419.34
QR_motioncap_brushless_Light_mid_NoWind_test5,MID,5,M7,22,713,714,2,1766442419.34,1766442419.78
QR_motioncap_brushless_Light_mid_NoWind_test5,MID,5,M7,23,716,719,4,1766442419.78,1766442420.49
QR_motioncap_brushless_Light_mid_NoWind_test5,MID,5,M8,1,859,859,1,1766442440.55,1766442440.83
QR_motioncap_brushless_Light_mid_NoWind_test5,MID,5,M8,2,915,915,1,1766442448.77,1766442449.06
QR_motioncap_brushless_Light_mid_NoWind_test5,MID,5,M8,3,944,945,2,1766442452.96,1766442453.39
QR_motioncap_brushless_Light_mid_NoWind_test5,MID,5,M8,4,999,999,1,1766442461.05,1766442461.33
QR_motioncap_brushless_Light_mid_NoWind_test5,MID,5,M8,5,1006,1009,4,1766442462.05,1766442462.77
QR_motioncap_brushless_Light_bot_NoWind_test1,BOT,1,M13,1,871,872,2,1766436269.55,1766436269.96
QR_motioncap_brushless_Light_bot_NoWind_test1,BOT,1,M13,2,874,875,2,1766436269.96,1766436270.4
QR_motioncap_brushless_Light_bot_NoWind_test1,BOT,1,M13,3,878,878,1,1766436270.54,1766436270.83
QR_motioncap_brushless_Light_bot_NoWind_test1,BOT,1,M13,4,896,897,2,1766436273.19,1766436273.61
QR_motioncap_brushless_Light_bot_NoWind_test1,BOT,1,M13,5,903,903,1,1766436274.19,1766436274.49
QR_motioncap_brushless_Light_bot_NoWind_test1,BOT,1,M13,6,931,932,2,1766436278.28,1766436278.71
QR_motioncap_brushless_Light_bot_NoWind_test1,BOT,1,M13,7,951,951,1,1766436281.19,1766436281.48
QR_motioncap_brushless_Light_bot_NoWind_test1,BOT,1,M13,8,963,964,2,1766436282.94,1766436283.38
QR_motioncap_brushless_Light_bot_NoWind_test1,BOT,1,M13,9,999,999,1,1766436288.34,1766436288.63
QR_motioncap_brushless_Light_bot_NoWind_test1,BOT,1,M13,10,1006,1006,1,1766436289.36,1766436289.65
QR_motioncap_brushless_Light_bot_NoWind_test1,BOT,1,M13,11,1009,1009,1,1766436289.79,1766436290.09
QR_motioncap_brushless_Light_bot_NoWind_test1,BOT,1,M13,12,1025,1025,1,1766436292.13,1766436292.42
QR_motioncap_brushless_Light_bot_NoWind_test2,BOT,2,M11,1,441,441,1,1766439949.93,1766439950.22
QR_motioncap_brushless_Light_bot_NoWind_test2,BOT,2,M11,2,450,450,1,1766439951.23,1766439951.52
QR_motioncap_brushless_Light_bot_NoWind_test2,BOT,2,M11,3,452,452,1,1766439951.52,1766439951.8
QR_motioncap_brushless_Light_bot_NoWind_test2,BOT,2,M11,4,459,459,1,1766439952.56,1766439952.82
QR_motioncap_brushless_Light_bot_NoWind_test2,BOT,2,M11,5,469,469,1,1766439953.98,1766439954.26
QR_motioncap_brushless_Light_bot_NoWind_test2,BOT,2,M11,6,475,475,1,1766439954.84,1766439955.14
QR_motioncap_brushless_Light_bot_NoWind_test2,BOT,2,M11,7,526,526,1,1766439962.36,1766439962.65
QR_motioncap_brushless_Light_bot_NoWind_test2,BOT,2,M11,8,528,529,2,1766439962.65,1766439963.08
QR_motioncap_brushless_Light_bot_NoWind_test2,BOT,2,M11,9,536,540,5,1766439963.8,1766439964.66
QR_motioncap_brushless_Light_bot_NoWind_test2,BOT,2,M11,10,578,578,1,1766439970.3,1766439970.6
QR_motioncap_brushless_Light_bot_NoWind_test2,BOT,2,M11,11,580,580,1,1766439970.6,1766439970.88
QR_motioncap_brushless_Light_bot_NoWind_test2,BOT,2,M13,1,887,888,2,1766440016.06,1766440016.48
QR_motioncap_brushless_Light_bot_NoWind_test2,BOT,2,M13,2,890,890,1,1766440016.48,1766440016.77
QR_motioncap_brushless_Light_bot_NoWind_test2,BOT,2,M13,3,898,898,1,1766440017.66,1766440017.95
QR_motioncap_brushless_Light_bot_NoWind_test2,BOT,2,M13,4,900,900,1,1766440017.95,1766440018.22
QR_motioncap_brushless_Light_bot_NoWind_test2,BOT,2,M13,5,902,902,1,1766440018.22,1766440018.51
QR_motioncap_brushless_Light_bot_NoWind_test2,BOT,2,M13,6,911,913,3,1766440019.52,1766440020.1
QR_motioncap_brushless_Light_bot_NoWind_test2,BOT,2,M13,7,915,920,6,1766440020.1,1766440021.1
QR_motioncap_brushless_Light_bot_NoWind_test2,BOT,2,M13,8,923,923,1,1766440021.25,1766440021.54
QR_motioncap_brushless_Light_bot_NoWind_test2,BOT,2,M13,9,925,925,1,1766440021.54,1766440021.84
QR_motioncap_brushless_Light_bot_NoWind_test2,BOT,2,M13,10,929,936,8,1766440022.11,1766440023.42
QR_motioncap_brushless_Light_bot_NoWind_test2,BOT,2,M13,11,944,945,2,1766440024.42,1766440024.85
QR_motioncap_brushless_Light_bot_NoWind_test2,BOT,2,M13,12,948,949,2,1766440025.0,1766440025.43
QR_motioncap_brushless_Light_bot_NoWind_test2,BOT,2,M13,13,952,952,1,1766440025.58,1766440025.86
QR_motioncap_brushless_Light_bot_NoWind_test2,BOT,2,M13,14,954,955,2,1766440025.86,1766440026.3
QR_motioncap_brushless_Light_bot_NoWind_test2,BOT,2,M13,15,961,962,2,1766440026.88,1766440027.31
QR_motioncap_brushless_Light_bot_NoWind_test2,BOT,2,M13,16,968,970,3,1766440027.89,1766440028.46
QR_motioncap_brushless_Light_bot_NoWind_test2,BOT,2,M13,17,976,977,2,1766440029.04,1766440029.47
QR_motioncap_brushless_Light_bot_NoWind_test2,BOT,2,M13,18,979,981,3,1766440029.47,1766440030.05
QR_motioncap_brushless_Light_bot_NoWind_test2,BOT,2,M13,19,989,991,3,1766440030.91,1766440031.49
QR_motioncap_brushless_Light_bot_NoWind_test2,BOT,2,M13,20,994,994,1,1766440031.64,1766440031.92
QR_motioncap_brushless_Light_bot_NoWind_test2,BOT,2,M13,21,997,999,3,1766440032.07,1766440032.65
QR_motioncap_brushless_Light_bot_NoWind_test2,BOT,2,M13,22,1002,1006,5,1766440032.79,1766440033.66
QR_motioncap_brushless_Light_bot_NoWind_test2,BOT,2,M13,23,1010,1012,3,1766440033.95,1766440034.66
QR_motioncap_brushless_Light_bot_NoWind_test2,BOT,2,M13,24,1014,1016,3,1766440034.66,1766440035.25
QR_motioncap_brushless_Light_bot_NoWind_test2,BOT,2,M13,25,1020,1020,1,1766440035.53,1766440035.82
QR_motioncap_brushless_Light_bot_NoWind_test2,BOT,2,M13,26,1023,1025,3,1766440035.97,1766440036.54
QR_motioncap_brushless_Light_bot_NoWind_test2,BOT,2,M13,27,1038,1042,5,1766440038.13,1766440039.0
QR_motioncap_brushless_Light_bot_NoWind_test2,BOT,2,M13,28,1048,1049,2,1766440039.57,1766440040.0
QR_motioncap_brushless_Light_bot_NoWind_test3,BOT,3,M10,1,219,219,1,1766440283.17,1766440283.46
QR_motioncap_brushless_Light_bot_NoWind_test3,BOT,3,M10,2,222,222,1,1766440283.61,1766440283.9
QR_motioncap_brushless_Light_bot_NoWind_test3,BOT,3,M10,3,305,305,1,1766440295.99,1766440296.27
QR_motioncap_brushless_Light_bot_NoWind_test3,BOT,3,M10,4,323,324,2,1766440298.58,1766440299.01
QR_motioncap_brushless_Light_bot_NoWind_test3,BOT,3,M11,1,450,454,5,1766440316.89,1766440317.76
QR_motioncap_brushless_Light_bot_NoWind_test3,BOT,3,M11,2,457,459,3,1766440317.91,1766440318.48
QR_motioncap_brushless_Light_bot_NoWind_test3,BOT,3,M11,3,461,461,1,1766440318.48,1766440318.78
QR_motioncap_brushless_Light_bot_NoWind_test3,BOT,3,M11,4,463,472,10,1766440318.78,1766440320.35
QR_motioncap_brushless_Light_bot_NoWind_test3,BOT,3,M11,5,478,479,2,1766440320.92,1766440321.37
QR_motioncap_brushless_Light_bot_NoWind_test3,BOT,3,M11,6,485,486,2,1766440321.94,1766440322.38
QR_motioncap_brushless_Light_bot_NoWind_test3,BOT,3,M11,7,505,506,2,1766440324.87,1766440325.27
QR_motioncap_brushless_Light_bot_NoWind_test3,BOT,3,M11,8,511,513,3,1766440325.7,1766440326.28
QR_motioncap_brushless_Light_bot_NoWind_test3,BOT,3,M11,9,525,525,1,1766440327.73,1766440328.02
QR_motioncap_brushless_Light_bot_NoWind_test3,BOT,3,M11,10,527,527,1,1766440328.02,1766440328.3
QR_motioncap_brushless_Light_bot_NoWind_test3,BOT,3,M11,11,561,561,1,1766440332.93,1766440333.24
QR_motioncap_brushless_Light_bot_NoWind_test3,BOT,3,M11,12,574,576,3,1766440334.95,1766440335.53
QR_motioncap_brushless_Light_bot_NoWind_test3,BOT,3,M11,13,583,583,1,1766440336.26,1766440336.55
QR_motioncap_brushless_Light_bot_NoWind_test3,BOT,3,M11,14,610,611,2,1766440340.31,1766440340.73
QR_motioncap_brushless_Light_bot_NoWind_test3,BOT,3,M12,1,689,689,1,1766440352.14,1766440352.43
QR_motioncap_brushless_Light_bot_NoWind_test3,BOT,3,M12,2,718,718,1,1766440356.35,1766440356.6
QR_motioncap_brushless_Light_bot_NoWind_test3,BOT,3,M12,3,751,751,1,1766440361.09,1766440361.36
QR_motioncap_brushless_Light_bot_NoWind_test3,BOT,3,M13,1,903,906,4,1766440383.01,1766440383.73
QR_motioncap_brushless_Light_bot_NoWind_test3,BOT,3,M13,2,913,913,1,1766440384.45,1766440384.74
QR_motioncap_brushless_Light_bot_NoWind_test3,BOT,3,M13,3,917,918,2,1766440385.02,1766440385.48
QR_motioncap_brushless_Light_bot_NoWind_test3,BOT,3,M13,4,920,921,2,1766440385.48,1766440385.89
QR_motioncap_brushless_Light_bot_NoWind_test3,BOT,3,M13,5,932,933,2,1766440387.19,1766440387.62
QR_motioncap_brushless_Light_bot_NoWind_test3,BOT,3,M13,6,939,940,2,1766440388.21,1766440388.64
QR_motioncap_brushless_Light_bot_NoWind_test3,BOT,3,M13,7,942,942,1,1766440388.64,1766440388.91
QR_motioncap_brushless_Light_bot_NoWind_test3,BOT,3,M13,8,945,949,5,1766440389.06,1766440389.92
QR_motioncap_brushless_Light_bot_NoWind_test3,BOT,3,M13,9,951,953,3,1766440389.92,1766440390.64
QR_motioncap_brushless_Light_bot_NoWind_test3,BOT,3,M13,10,955,955,1,1766440390.64,1766440390.94
QR_motioncap_brushless_Light_bot_NoWind_test3,BOT,3,M13,11,968,968,1,1766440392.53,1766440392.81
QR_motioncap_brushless_Light_bot_NoWind_test3,BOT,3,M13,12,970,970,1,1766440392.81,1766440393.1
QR_motioncap_brushless_Light_bot_NoWind_test3,BOT,3,M13,13,987,989,3,1766440395.26,1766440395.84
QR_motioncap_brushless_Light_bot_NoWind_test3,BOT,3,M13,14,999,1000,2,1766440396.99,1766440397.42
QR_motioncap_brushless_Light_bot_NoWind_test3,BOT,3,M13,15,1013,1013,1,1766440399.01,1766440399.3
QR_motioncap_brushless_Light_bot_NoWind_test3,BOT,3,M13,16,1020,1022,3,1766440400.02,1766440400.61
QR_motioncap_brushless_Light_bot_NoWind_test3,BOT,3,M13,17,1036,1036,1,1766440402.33,1766440402.61
QR_motioncap_brushless_Light_bot_NoWind_test3,BOT,3,M13,18,1039,1039,1,1766440402.76,1766440403.05
QR_motioncap_brushless_Light_bot_NoWind_test3,BOT,3,M13,19,1043,1043,1,1766440403.33,1766440403.63
QR_motioncap_brushless_Light_bot_NoWind_test3,BOT,3,M13,20,1047,1050,4,1766440403.91,1766440404.63
QR_motioncap_brushless_Light_bot_NoWind_test3,BOT,3,M13,21,1054,1054,1,1766440404.93,1766440405.21
QR_motioncap_brushless_Light_bot_NoWind_test3,BOT,3,M13,22,1057,1060,4,1766440405.36,1766440406.07
QR_motioncap_brushless_Light_bot_NoWind_test3,BOT,3,M13,23,1063,1063,1,1766440406.23,1766440406.51
QR_motioncap_brushless_Light_bot_NoWind_test3,BOT,3,M13,24,1065,1065,1,1766440406.51,1766440406.79
QR_motioncap_brushless_Light_bot_NoWind_test4,BOT,4,M10,1,270,270,1,1766443047.68,1766443047.96
QR_motioncap_brushless_Light_bot_NoWind_test4,BOT,4,M12,1,803,803,1,1766443127.02,1766443127.3
QR_motioncap_brushless_Light_bot_NoWind_test4,BOT,4,M12,2,805,805,1,1766443127.3,1766443127.61
QR_motioncap_brushless_Light_bot_NoWind_test4,BOT,4,M13,1,1043,1043,1,1766443162.3,1766443162.5
QR_motioncap_brushless_Light_bot_NoWind_test5,BOT,5,M10,1,416,417,2,1766443391.04,1766443391.48
